dep,prov,distr,geolocalizado,nogeolocalizado,geocodificado,missing,perct_missig
ANCASH,SANTA,NEPEÑA,2,1,0,1,100
AYACUCHO,LA MAR,AYNA,8,1,0,1,100
CAJAMARCA,JAEN,BELLAVISTA,9,1,0,1,100
CUSCO,LA CONVENCION,INKAWASI,5,1,0,1,100
CUSCO,LA CONVENCION,PICHARI,18,1,0,1,100
HUANUCO,LAURICOCHA,SAN MIGUEL DE CAURI,4,1,0,1,100
HUANUCO,LEONCIO PRADO,JOSE CRESPO Y CASTILLO,8,2,0,2,100
HUANUCO,PUERTO INCA,PUERTO INCA,9,1,0,1,100
JUNIN,HUANCAYO,SANTO DOMINGO DE ACOBAMBA,9,2,0,2,100
JUNIN,SATIPO,MAZAMARI,10,2,0,2,100
JUNIN,SATIPO,RIO TAMBO,26,1,0,1,100
LA LIBERTAD,OTUZCO,OTUZCO,11,1,0,1,100
LA LIBERTAD,SANTIAGO DE CHUCO,SANTIAGO DE CHUCO,9,1,0,1,100
LIMA,CANTA,SAN BUENAVENTURA,2,1,0,1,100
LIMA,CAÑETE,ASIA,3,1,0,1,100
LIMA,HUARAL,AUCALLAMA,5,2,0,2,100
LIMA,HUAROCHIRI,SANTO DOMINGO DE LOS OLLEROS,4,1,0,1,100
LIMA,HUAURA,CALETA DE CARQUIN,1,1,0,1,100
LIMA,LIMA,SANTA MARIA DEL MAR,1,1,0,1,100
LIMA,LIMA,SANTA ROSA,5,1,0,1,100
LORETO,MARISCAL RAMON CASTILLA,RAMON CASTILLA,10,1,0,1,100
PUNO,LAMPA,LAMPA,7,2,0,2,100
PUNO,PUNO,CHUCUITO,4,1,0,1,100
PUNO,PUNO,PICHACANI,8,1,0,1,100
TACNA,JORGE BASADRE,ILABAYA,5,1,0,1,100
UCAYALI,CORONEL PORTILLO,MASISEA,20,2,0,2,100
UCAYALI,PADRE ABAD,PADRE ABAD,17,1,0,1,100
UCAYALI,CORONEL PORTILLO,IPARIA,12,5,1,4,80
SAN MARTIN,SAN MARTIN,LA BANDA DE SHILCAYO,9,4,1,3,75
CUSCO,URUBAMBA,MACHUPICCHU,9,3,1,2,66.66666667
LA LIBERTAD,TRUJILLO,VICTOR LARCO HERRERA,19,9,4,5,55.55555556
AMAZONAS,UTCUBAMBA,EL MILAGRO,6,2,1,1,50
AYACUCHO,HUAMANGA,ANDRES AVELINO CACERES D.,10,2,1,1,50
CALLAO,CALLAO,MI PERU,6,2,1,1,50
CUSCO,CHUMBIVILCAS,SANTO TOMAS,12,2,1,1,50
HUANCAVELICA,ANGARAES,LIRCAY,19,2,1,1,50
HUANUCO,HUANUCO,AMARILIS,14,2,1,1,50
HUANUCO,LAURICOCHA,JESUS,2,2,1,1,50
HUANUCO,LAURICOCHA,RONDOS,1,6,3,3,50
ICA,PISCO,TUPAC AMARU INCA,4,2,1,1,50
LA LIBERTAD,PATAZ,PATAZ,4,4,2,2,50
LORETO,PUTUMAYO,TENIENTE MANUEL CLAVERO,5,2,1,1,50
PUNO,PUNO,ACORA,20,2,1,1,50
LIMA,HUAURA,SANTA MARIA,9,7,4,3,42.85714286
LIMA,LIMA,VILLA EL SALVADOR,136,91,52,39,42.85714286
LIMA,CAÑETE,SAN VICENTE DE CAÑETE,21,10,6,4,40
LIMA,LIMA,SAN JUAN DE MIRAFLORES,137,166,103,63,37.95180723
LIMA,LIMA,VILLA MARIA DEL TRIUNFO,98,85,54,31,36.47058824
LIMA,LIMA,SANTIAGO DE SURCO,226,178,114,64,35.95505618
LIMA,LIMA,MAGDALENA DEL MAR,60,70,46,24,34.28571429
AMAZONAS,UTCUBAMBA,CAJARURO,29,3,2,1,33.33333333
AREQUIPA,AREQUIPA,ALTO SELVA ALEGRE,8,6,4,2,33.33333333
AREQUIPA,AREQUIPA,SACHACA,2,3,2,1,33.33333333
ICA,NAZCA,MARCONA,7,3,2,1,33.33333333
LA LIBERTAD,VIRU,CHAO,7,3,2,1,33.33333333
LAMBAYEQUE,FERREÑAFE,FERREÑAFE,6,3,2,1,33.33333333
LAMBAYEQUE,LAMBAYEQUE,LAMBAYEQUE,13,3,2,1,33.33333333
LAMBAYEQUE,LAMBAYEQUE,MOCHUMI,4,3,2,1,33.33333333
LIMA,BARRANCA,PATIVILCA,6,3,2,1,33.33333333
LORETO,LORETO,TROMPETEROS,6,9,6,3,33.33333333
SAN MARTIN,RIOJA,NUEVA CAJAMARCA,20,3,2,1,33.33333333
TUMBES,TUMBES,LA CRUZ,1,3,2,1,33.33333333
TUMBES,TUMBES,TUMBES,49,6,4,2,33.33333333
SAN MARTIN,MOYOBAMBA,MOYOBAMBA,59,29,20,9,31.03448276
LIMA,LIMA,PACHACAMAC,36,26,18,8,30.76923077
LIMA,LIMA,SAN LUIS,34,61,43,18,29.50819672
LIMA,LIMA,LOS OLIVOS,243,312,220,92,29.48717949
ICA,CHINCHA,PUEBLO NUEVO,5,7,5,2,28.57142857
MOQUEGUA,MARISCAL NIETO,MOQUEGUA,43,7,5,2,28.57142857
TACNA,TACNA,ALTO DE LA ALIANZA,7,7,5,2,28.57142857
SAN MARTIN,SAN MARTIN,TARAPOTO,43,26,19,7,26.92307692
LIMA,BARRANCA,BARRANCA,40,30,22,8,26.66666667
MADRE DE DIOS,TAMBOPATA,TAMBOPATA,96,15,11,4,26.66666667
LIMA,LIMA,SAN JUAN DE LURIGANCHO,212,394,292,102,25.88832487
CAJAMARCA,CHOTA,CHOTA,47,4,3,1,25
HUANUCO,LEONCIO PRADO,RUPA-RUPA,9,4,3,1,25
JUNIN,HUANCAYO,CHILCA,29,4,3,1,25
LIMA,LIMA,CIENEGUILLA,10,4,3,1,25
SAN MARTIN,MARISCAL CACERES,JUANJUI,12,4,3,1,25
SAN MARTIN,RIOJA,RIOJA,18,4,3,1,25
TACNA,TACNA,CORONEL GREGORIO ALBARRACIN L.,28,8,6,2,25
UCAYALI,CORONEL PORTILLO,YARINACOCHA,26,4,3,1,25
LIMA,LIMA,SAN MARTIN DE PORRES,122,202,157,45,22.27722772
LIMA,LIMA,LA MOLINA,103,71,56,15,21.12676056
LIMA,LIMA,INDEPENDENCIA,50,24,19,5,20.83333333
LIMA,LIMA,SANTA ANITA,127,96,76,20,20.83333333
LAMBAYEQUE,CHICLAYO,LA VICTORIA,15,5,4,1,20
LIMA,LIMA,CHACLACAYO,27,15,12,3,20
LIMA,LIMA,EL AGUSTINO,77,40,32,8,20
LIMA,LIMA,CHORRILLOS,95,71,58,13,18.30985915
AYACUCHO,HUAMANGA,AYACUCHO,72,11,9,2,18.18181818
CUSCO,CUSCO,SAN SEBASTIAN,28,11,9,2,18.18181818
LA LIBERTAD,TRUJILLO,TRUJILLO,130,100,83,17,17
LIMA,LIMA,COMAS,168,136,113,23,16.91176471
LIMA,LIMA,PUENTE PIEDRA,73,107,89,18,16.82242991
AMAZONAS,CHACHAPOYAS,CHACHAPOYAS,82,6,5,1,16.66666667
LIMA,LIMA,SAN BORJA,113,102,85,17,16.66666667
UCAYALI,CORONEL PORTILLO,CALLERIA,80,6,5,1,16.66666667
LIMA,LIMA,CARABAYLLO,53,25,21,4,16
LIMA,LIMA,ATE,182,133,113,20,15.03759398
LIMA,LIMA,LA VICTORIA,42,40,34,6,15
AREQUIPA,AREQUIPA,JOSE LUIS BUSTAMANTE Y RIVERO,22,14,12,2,14.28571429
AREQUIPA,CAMANA,CAMANA,5,7,6,1,14.28571429
CUSCO,CUSCO,SAN JERONIMO,14,7,6,1,14.28571429
LA LIBERTAD,TRUJILLO,LA ESPERANZA,15,7,6,1,14.28571429
LIMA,LIMA,SAN ISIDRO,121,137,118,19,13.86861314
PIURA,PAITA,PAITA,25,15,13,2,13.33333333
AREQUIPA,AREQUIPA,CAYMA,28,23,20,3,13.04347826
LIMA,LIMA,SAN MIGUEL,57,47,41,6,12.76595745
AREQUIPA,AREQUIPA,JACOBO HUNTER,13,8,7,1,12.5
CALLAO,CALLAO,LA PERLA,30,40,35,5,12.5
CUSCO,CUSCO,WANCHAQ,180,72,63,9,12.5
ICA,PISCO,PISCO,13,16,14,2,12.5
LIMA,LIMA,JESUS MARIA,118,130,114,16,12.30769231
JUNIN,HUANCAYO,EL TAMBO,64,33,29,4,12.12121212
CALLAO,CALLAO,CARMEN DE LA LEGUA-REYNOSO,31,59,52,7,11.86440678
LIMA,LIMA,LIMA,120,120,106,14,11.66666667
LIMA,HUAURA,HUACHO,63,52,46,6,11.53846154
CUSCO,CANCHIS,SICUANI,19,9,8,1,11.11111111
LIMA,HUARAL,HUARAL,46,18,16,2,11.11111111
LIMA,LIMA,LURIN,48,28,25,3,10.71428571
CALLAO,CALLAO,VENTANILLA,72,86,77,9,10.46511628
LAMBAYEQUE,CHICLAYO,CHICLAYO,156,154,139,15,9.74025974
PIURA,PIURA,CASTILLA,81,31,28,3,9.677419355
LIMA,LIMA,RIMAC,38,32,29,3,9.375
LIMA,LIMA,LURIGANCHO,65,34,31,3,8.823529412
LIMA,LIMA,PUEBLO LIBRE,55,62,57,5,8.064516129
PUNO,SAN ROMAN,JULIACA,80,25,23,2,8
LIMA,LIMA,MIRAFLORES,161,159,147,12,7.547169811
PIURA,SULLANA,SULLANA,77,80,74,6,7.5
AREQUIPA,AREQUIPA,PAUCARPATA,66,14,13,1,7.142857143
CUSCO,CUSCO,SANTIAGO,25,14,13,1,7.142857143
LIMA,LIMA,BREÑA,39,87,81,6,6.896551724
LIMA,LIMA,SURQUILLO,54,62,58,4,6.451612903
CUSCO,LA CONVENCION,SANTA ANA,15,17,16,1,5.882352941
LIMA,LIMA,BARRANCO,21,17,16,1,5.882352941
PIURA,PIURA,PIURA,215,122,115,7,5.737704918
LIMA,LIMA,LINCE,114,138,131,7,5.072463768
CUSCO,CUSCO,CUSCO,77,122,116,6,4.918032787
CAJAMARCA,CAJAMARCA,CAJAMARCA,177,41,39,2,4.87804878
TACNA,TACNA,TACNA,155,164,157,7,4.268292683
CALLAO,CALLAO,CALLAO,143,127,122,5,3.937007874
APURIMAC,ABANCAY,ABANCAY,44,30,29,1,3.333333333
AREQUIPA,AREQUIPA,YANAHUARA,57,60,58,2,3.333333333
ICA,ICA,ICA,42,64,62,2,3.125
PUNO,PUNO,PUNO,82,36,35,1,2.777777778
PIURA,TALARA,PARIÑAS,46,38,37,1,2.631578947
JUNIN,HUANCAYO,HUANCAYO,106,122,119,3,2.459016393
AREQUIPA,AREQUIPA,AREQUIPA,122,203,199,4,1.97044335
CALLAO,CALLAO,BELLAVISTA,54,55,54,1,1.818181818
AMAZONAS,BAGUA,ARAMANGO,19,0,0,0,0
AMAZONAS,BAGUA,BAGUA,26,2,2,0,0
AMAZONAS,BAGUA,COPALLIN,6,0,0,0,0
AMAZONAS,BAGUA,EL PARCO,3,0,0,0,0
AMAZONAS,BAGUA,IMAZA,39,2,2,0,0
AMAZONAS,BAGUA,LA PECA,6,0,0,0,0
AMAZONAS,BONGARA,CHISQUILLA,1,0,0,0,0
AMAZONAS,BONGARA,CHURUJA,1,0,0,0,0
AMAZONAS,BONGARA,COROSHA,1,0,0,0,0
AMAZONAS,BONGARA,CUISPES,2,0,0,0,0
AMAZONAS,BONGARA,FLORIDA,4,1,1,0,0
AMAZONAS,BONGARA,JAZAN,10,1,1,0,0
AMAZONAS,BONGARA,JUMBILLA,2,0,0,0,0
AMAZONAS,BONGARA,RECTA,1,0,0,0,0
AMAZONAS,BONGARA,SAN CARLOS,1,0,0,0,0
AMAZONAS,BONGARA,SHIPASBAMBA,3,0,0,0,0
AMAZONAS,BONGARA,VALERA,4,0,0,0,0
AMAZONAS,BONGARA,YAMBRASBAMBA,8,0,0,0,0
AMAZONAS,CHACHAPOYAS,ASUNCION,1,0,0,0,0
AMAZONAS,CHACHAPOYAS,BALSAS,3,0,0,0,0
AMAZONAS,CHACHAPOYAS,CHETO,1,0,0,0,0
AMAZONAS,CHACHAPOYAS,CHILIQUIN,4,0,0,0,0
AMAZONAS,CHACHAPOYAS,CHUQUIBAMBA,6,0,0,0,0
AMAZONAS,CHACHAPOYAS,GRANADA,1,0,0,0,0
AMAZONAS,CHACHAPOYAS,HUANCAS,2,0,0,0,0
AMAZONAS,CHACHAPOYAS,LA JALCA,10,0,0,0,0
AMAZONAS,CHACHAPOYAS,LEIMEBAMBA,3,0,0,0,0
AMAZONAS,CHACHAPOYAS,LEVANTO,1,0,0,0,0
AMAZONAS,CHACHAPOYAS,MAGDALENA,1,0,0,0,0
AMAZONAS,CHACHAPOYAS,MARISCAL CASTILLA,2,0,0,0,0
AMAZONAS,CHACHAPOYAS,MOLINOPAMPA,4,0,0,0,0
AMAZONAS,CHACHAPOYAS,MONTEVIDEO,1,0,0,0,0
AMAZONAS,CHACHAPOYAS,OLLEROS,2,0,0,0,0
AMAZONAS,CHACHAPOYAS,QUINJALCA,2,0,0,0,0
AMAZONAS,CHACHAPOYAS,SAN FRANCISCO DE DAGUAS,1,0,0,0,0
AMAZONAS,CHACHAPOYAS,SAN ISIDRO DE MAINO,1,0,0,0,0
AMAZONAS,CHACHAPOYAS,SOLOCO,4,0,0,0,0
AMAZONAS,CHACHAPOYAS,SONCHE,2,0,0,0,0
AMAZONAS,CONDORCANQUI,EL CENEPA,17,3,3,0,0
AMAZONAS,CONDORCANQUI,NIEVA,34,2,2,0,0
AMAZONAS,CONDORCANQUI,RIO SANTIAGO,19,6,6,0,0
AMAZONAS,LUYA,CAMPORREDONDO,5,0,0,0,0
AMAZONAS,LUYA,COCABAMBA,7,0,0,0,0
AMAZONAS,LUYA,COLCAMAR,4,0,0,0,0
AMAZONAS,LUYA,CONILA,3,0,0,0,0
AMAZONAS,LUYA,INGUILPATA,1,0,0,0,0
AMAZONAS,LUYA,LAMUD,4,0,0,0,0
AMAZONAS,LUYA,LONGUITA,2,0,0,0,0
AMAZONAS,LUYA,LONYA CHICO,3,0,0,0,0
AMAZONAS,LUYA,LUYA,5,0,0,0,0
AMAZONAS,LUYA,LUYA VIEJO,1,0,0,0,0
AMAZONAS,LUYA,MARIA,1,0,0,0,0
AMAZONAS,LUYA,OCALLI,5,0,0,0,0
AMAZONAS,LUYA,OCUMAL,5,0,0,0,0
AMAZONAS,LUYA,PISUQUIA,10,0,0,0,0
AMAZONAS,LUYA,PROVIDENCIA,3,0,0,0,0
AMAZONAS,LUYA,SAN CRISTOBAL,1,0,0,0,0
AMAZONAS,LUYA,SAN FRANCISCO DE YESO,1,0,0,0,0
AMAZONAS,LUYA,SAN JERONIMO,1,0,0,0,0
AMAZONAS,LUYA,SAN JUAN DE LOPECANCHA,2,0,0,0,0
AMAZONAS,LUYA,SANTA CATALINA,4,0,0,0,0
AMAZONAS,LUYA,SANTO TOMAS,7,0,0,0,0
AMAZONAS,LUYA,TINGO,2,0,0,0,0
AMAZONAS,LUYA,TRITA,2,0,0,0,0
AMAZONAS,RODRIGUEZ DE MENDOZA,CHIRIMOTO,6,0,0,0,0
AMAZONAS,RODRIGUEZ DE MENDOZA,COCHAMAL,1,0,0,0,0
AMAZONAS,RODRIGUEZ DE MENDOZA,HUAMBO,3,0,0,0,0
AMAZONAS,RODRIGUEZ DE MENDOZA,LIMABAMBA,2,0,0,0,0
AMAZONAS,RODRIGUEZ DE MENDOZA,LONGAR,2,0,0,0,0
AMAZONAS,RODRIGUEZ DE MENDOZA,MARISCAL BENAVIDES,2,0,0,0,0
AMAZONAS,RODRIGUEZ DE MENDOZA,MILPUCC,2,0,0,0,0
AMAZONAS,RODRIGUEZ DE MENDOZA,OMIA,15,0,0,0,0
AMAZONAS,RODRIGUEZ DE MENDOZA,SAN NICOLAS,9,0,0,0,0
AMAZONAS,RODRIGUEZ DE MENDOZA,SANTA ROSA,1,0,0,0,0
AMAZONAS,RODRIGUEZ DE MENDOZA,TOTORA,1,0,0,0,0
AMAZONAS,RODRIGUEZ DE MENDOZA,VISTA ALEGRE,2,0,0,0,0
AMAZONAS,UTCUBAMBA,BAGUA GRANDE,41,4,4,0,0
AMAZONAS,UTCUBAMBA,CUMBA,12,0,0,0,0
AMAZONAS,UTCUBAMBA,JAMALCA,11,1,1,0,0
AMAZONAS,UTCUBAMBA,LONYA GRANDE,11,0,0,0,0
AMAZONAS,UTCUBAMBA,YAMON,6,0,0,0,0
ANCASH,AIJA,AIJA,1,0,0,0,0
ANCASH,AIJA,CORIS,3,0,0,0,0
ANCASH,AIJA,HUACLLAN,1,0,0,0,0
ANCASH,AIJA,LA MERCED,2,0,0,0,0
ANCASH,AIJA,SUCCHA,2,0,0,0,0
ANCASH,ANTONIO RAIMONDI,ACZO,3,0,0,0,0
ANCASH,ANTONIO RAIMONDI,CHACCHO,1,0,0,0,0
ANCASH,ANTONIO RAIMONDI,CHINGAS,1,0,0,0,0
ANCASH,ANTONIO RAIMONDI,LLAMELLIN,1,0,0,0,0
ANCASH,ANTONIO RAIMONDI,MIRGAS,5,0,0,0,0
ANCASH,ANTONIO RAIMONDI,SAN JUAN DE RONTOY,2,0,0,0,0
ANCASH,ASUNCION,ACOCHACA,2,0,0,0,0
ANCASH,ASUNCION,CHACAS,1,0,0,0,0
ANCASH,BOLOGNESI,ABELARDO PARDO LEZAMETA,1,0,0,0,0
ANCASH,BOLOGNESI,ANTONIO RAIMONDI,1,0,0,0,0
ANCASH,BOLOGNESI,AQUIA,3,0,0,0,0
ANCASH,BOLOGNESI,CAJACAY,3,0,0,0,0
ANCASH,BOLOGNESI,CANIS,1,0,0,0,0
ANCASH,BOLOGNESI,CHIQUIAN,2,0,0,0,0
ANCASH,BOLOGNESI,COLQUIOC,1,0,0,0,0
ANCASH,BOLOGNESI,HUALLANCA,2,0,0,0,0
ANCASH,BOLOGNESI,HUASTA,2,0,0,0,0
ANCASH,BOLOGNESI,HUAYLLACAYAN,2,0,0,0,0
ANCASH,BOLOGNESI,LA PRIMAVERA,1,0,0,0,0
ANCASH,BOLOGNESI,MANGAS,1,0,0,0,0
ANCASH,BOLOGNESI,PACLLON,2,0,0,0,0
ANCASH,BOLOGNESI,SAN MIGUEL DE CORPANQUI,1,0,0,0,0
ANCASH,BOLOGNESI,TICLLOS,1,0,0,0,0
ANCASH,CARHUAZ,ACOPAMPA,1,0,0,0,0
ANCASH,CARHUAZ,AMASHCA,2,0,0,0,0
ANCASH,CARHUAZ,ANTA,1,0,0,0,0
ANCASH,CARHUAZ,ATAQUERO,1,0,0,0,0
ANCASH,CARHUAZ,CARHUAZ,10,1,1,0,0
ANCASH,CARHUAZ,MARCARA,5,0,0,0,0
ANCASH,CARHUAZ,PARIAHUANCA,1,0,0,0,0
ANCASH,CARHUAZ,SAN MIGUEL DE ACO,1,0,0,0,0
ANCASH,CARHUAZ,SHILLA,1,0,0,0,0
ANCASH,CARHUAZ,TINCO,1,0,0,0,0
ANCASH,CARHUAZ,YUNGAR,4,0,0,0,0
ANCASH,CARLOS FERMIN FITZCARRALD,SAN LUIS,5,0,0,0,0
ANCASH,CARLOS FERMIN FITZCARRALD,SAN NICOLAS,3,0,0,0,0
ANCASH,CARLOS FERMIN FITZCARRALD,YAUYA,5,0,0,0,0
ANCASH,CASMA,BUENA VISTA ALTA,3,0,0,0,0
ANCASH,CASMA,CASMA,5,1,1,0,0
ANCASH,CASMA,COMANDANTE NOEL,2,0,0,0,0
ANCASH,CASMA,YAUTAN,2,0,0,0,0
ANCASH,CORONGO,ACO,1,0,0,0,0
ANCASH,CORONGO,BAMBAS,1,0,0,0,0
ANCASH,CORONGO,CORONGO,1,0,0,0,0
ANCASH,CORONGO,CUSCA,4,0,0,0,0
ANCASH,CORONGO,LA PAMPA,1,0,0,0,0
ANCASH,CORONGO,YANAC,1,0,0,0,0
ANCASH,CORONGO,YUPAN,1,0,0,0,0
ANCASH,HUARAZ,COCHABAMBA,3,0,0,0,0
ANCASH,HUARAZ,COLCABAMBA,1,0,0,0,0
ANCASH,HUARAZ,HUANCHAY,2,0,0,0,0
ANCASH,HUARAZ,HUARAZ,33,22,22,0,0
ANCASH,HUARAZ,INDEPENDENCIA,29,7,7,0,0
ANCASH,HUARAZ,JANGAS,3,0,0,0,0
ANCASH,HUARAZ,LA LIBERTAD,1,0,0,0,0
ANCASH,HUARAZ,OLLEROS,4,0,0,0,0
ANCASH,HUARAZ,PAMPAS GRANDE,1,0,0,0,0
ANCASH,HUARAZ,PARIACOTO,3,0,0,0,0
ANCASH,HUARAZ,PIRA,2,0,0,0,0
ANCASH,HUARAZ,TARICA,5,0,0,0,0
ANCASH,HUARI,ANRA,1,0,0,0,0
ANCASH,HUARI,CAJAY,2,0,0,0,0
ANCASH,HUARI,CHAVIN DE HUANTAR,4,0,0,0,0
ANCASH,HUARI,HUACACHI,1,0,0,0,0
ANCASH,HUARI,HUACCHIS,2,0,0,0,0
ANCASH,HUARI,HUACHIS,2,0,0,0,0
ANCASH,HUARI,HUANTAR,2,0,0,0,0
ANCASH,HUARI,HUARI,7,0,0,0,0
ANCASH,HUARI,MASIN,2,0,0,0,0
ANCASH,HUARI,PAUCAS,2,0,0,0,0
ANCASH,HUARI,PONTO,3,0,0,0,0
ANCASH,HUARI,RAHUAPAMPA,2,0,0,0,0
ANCASH,HUARI,RAPAYAN,1,0,0,0,0
ANCASH,HUARI,SAN MARCOS,7,2,2,0,0
ANCASH,HUARI,SAN PEDRO DE CHANA,3,0,0,0,0
ANCASH,HUARI,UCO,1,0,0,0,0
ANCASH,HUARMEY,COCHAPETI,1,0,0,0,0
ANCASH,HUARMEY,CULEBRAS,3,0,0,0,0
ANCASH,HUARMEY,HUARMEY,4,2,2,0,0
ANCASH,HUARMEY,HUAYAN,1,0,0,0,0
ANCASH,HUARMEY,MALVAS,2,0,0,0,0
ANCASH,HUAYLAS,CARAZ,9,0,0,0,0
ANCASH,HUAYLAS,HUALLANCA,3,0,0,0,0
ANCASH,HUAYLAS,HUATA,2,0,0,0,0
ANCASH,HUAYLAS,HUAYLAS,1,0,0,0,0
ANCASH,HUAYLAS,MATO,2,0,0,0,0
ANCASH,HUAYLAS,PAMPAROMAS,8,0,0,0,0
ANCASH,HUAYLAS,PUEBLO LIBRE,6,0,0,0,0
ANCASH,HUAYLAS,SANTA CRUZ,3,0,0,0,0
ANCASH,HUAYLAS,SANTO TORIBIO,2,0,0,0,0
ANCASH,HUAYLAS,YURACMARCA,3,0,0,0,0
ANCASH,MARISCAL LUZURIAGA,CASCA,1,0,0,0,0
ANCASH,MARISCAL LUZURIAGA,ELEAZAR GUZMAN BARRON,2,0,0,0,0
ANCASH,MARISCAL LUZURIAGA,FIDEL OLIVAS ESCUDERO,2,0,0,0,0
ANCASH,MARISCAL LUZURIAGA,LLAMA,1,0,0,0,0
ANCASH,MARISCAL LUZURIAGA,LLUMPA,5,0,0,0,0
ANCASH,MARISCAL LUZURIAGA,LUCMA,3,0,0,0,0
ANCASH,MARISCAL LUZURIAGA,MUSGA,1,0,0,0,0
ANCASH,MARISCAL LUZURIAGA,PISCOBAMBA,3,0,0,0,0
ANCASH,OCROS,ACAS,1,0,0,0,0
ANCASH,OCROS,CAJAMARQUILLA,1,0,0,0,0
ANCASH,OCROS,CARHUAPAMPA,1,0,0,0,0
ANCASH,OCROS,COCHAS,1,0,0,0,0
ANCASH,OCROS,CONGAS,1,0,0,0,0
ANCASH,OCROS,LLIPA,1,0,0,0,0
ANCASH,OCROS,OCROS,1,0,0,0,0
ANCASH,OCROS,SAN CRISTOBAL DE RAJAN,1,0,0,0,0
ANCASH,OCROS,SAN PEDRO,1,0,0,0,0
ANCASH,OCROS,SANTIAGO DE CHILCAS,1,0,0,0,0
ANCASH,PALLASCA,BOLOGNESI,2,0,0,0,0
ANCASH,PALLASCA,CABANA,2,0,0,0,0
ANCASH,PALLASCA,CONCHUCOS,4,0,0,0,0
ANCASH,PALLASCA,HUACASCHUQUE,1,0,0,0,0
ANCASH,PALLASCA,HUANDOVAL,1,0,0,0,0
ANCASH,PALLASCA,LACABAMBA,1,0,0,0,0
ANCASH,PALLASCA,LLAPO,1,0,0,0,0
ANCASH,PALLASCA,PALLASCA,1,1,1,0,0
ANCASH,PALLASCA,PAMPAS,4,0,0,0,0
ANCASH,PALLASCA,SANTA ROSA,1,0,0,0,0
ANCASH,PALLASCA,TAUCA,2,0,0,0,0
ANCASH,POMABAMBA,HUAYLLAN,3,0,0,0,0
ANCASH,POMABAMBA,PAROBAMBA,6,0,0,0,0
ANCASH,POMABAMBA,POMABAMBA,7,1,1,0,0
ANCASH,POMABAMBA,QUINUABAMBA,2,0,0,0,0
ANCASH,RECUAY,CATAC,1,0,0,0,0
ANCASH,RECUAY,COTAPARACO,1,0,0,0,0
ANCASH,RECUAY,HUAYLLAPAMPA,1,0,0,0,0
ANCASH,RECUAY,LLACLLIN,2,0,0,0,0
ANCASH,RECUAY,MARCA,1,0,0,0,0
ANCASH,RECUAY,PAMPAS CHICO,2,0,0,0,0
ANCASH,RECUAY,PARARIN,1,0,0,0,0
ANCASH,RECUAY,RECUAY,2,0,0,0,0
ANCASH,RECUAY,TAPACOCHA,1,0,0,0,0
ANCASH,RECUAY,TICAPAMPA,2,0,0,0,0
ANCASH,SANTA,CACERES DEL PERU,3,0,0,0,0
ANCASH,SANTA,CHIMBOTE,36,17,17,0,0
ANCASH,SANTA,COISHCO,2,0,0,0,0
ANCASH,SANTA,MACATE,4,0,0,0,0
ANCASH,SANTA,MORO,3,0,0,0,0
ANCASH,SANTA,NUEVO CHIMBOTE,20,8,8,0,0
ANCASH,SANTA,SAMANCO,3,0,0,0,0
ANCASH,SANTA,SANTA,6,0,0,0,0
ANCASH,SIHUAS,ACOBAMBA,1,0,0,0,0
ANCASH,SIHUAS,ALFONSO UGARTE,1,0,0,0,0
ANCASH,SIHUAS,CASHAPAMPA,2,0,0,0,0
ANCASH,SIHUAS,CHINGALPO,2,0,0,0,0
ANCASH,SIHUAS,HUAYLLABAMBA,3,0,0,0,0
ANCASH,SIHUAS,QUICHES,2,0,0,0,0
ANCASH,SIHUAS,RAGASH,2,0,0,0,0
ANCASH,SIHUAS,SAN JUAN,4,0,0,0,0
ANCASH,SIHUAS,SICSIBAMBA,2,0,0,0,0
ANCASH,SIHUAS,SIHUAS,2,1,1,0,0
ANCASH,YUNGAY,CASCAPARA,1,0,0,0,0
ANCASH,YUNGAY,MANCOS,5,0,0,0,0
ANCASH,YUNGAY,MATACOTO,1,0,0,0,0
ANCASH,YUNGAY,QUILLO,4,0,0,0,0
ANCASH,YUNGAY,RANRAHIRCA,2,0,0,0,0
ANCASH,YUNGAY,SHUPLUY,4,0,0,0,0
ANCASH,YUNGAY,YANAMA,6,0,0,0,0
ANCASH,YUNGAY,YUNGAY,8,0,0,0,0
APURIMAC,ABANCAY,CHACOCHE,3,0,0,0,0
APURIMAC,ABANCAY,CIRCA,4,0,0,0,0
APURIMAC,ABANCAY,CURAHUASI,16,0,0,0,0
APURIMAC,ABANCAY,HUANIPACA,6,0,0,0,0
APURIMAC,ABANCAY,LAMBRAMA,7,0,0,0,0
APURIMAC,ABANCAY,PICHIRHUA,9,0,0,0,0
APURIMAC,ABANCAY,SAN PEDRO DE CACHORA,1,0,0,0,0
APURIMAC,ABANCAY,TAMBURCO,3,0,0,0,0
APURIMAC,ANDAHUAYLAS,ANDAHUAYLAS,42,2,2,0,0
APURIMAC,ANDAHUAYLAS,ANDARAPA,7,0,0,0,0
APURIMAC,ANDAHUAYLAS,CHIARA,3,0,0,0,0
APURIMAC,ANDAHUAYLAS,HUANCARAMA,10,0,0,0,0
APURIMAC,ANDAHUAYLAS,HUANCARAY,4,0,0,0,0
APURIMAC,ANDAHUAYLAS,HUAYANA,2,0,0,0,0
APURIMAC,ANDAHUAYLAS,JOSE MARIA ARGUEDAS,2,0,0,0,0
APURIMAC,ANDAHUAYLAS,KAQUIABAMBA,2,0,0,0,0
APURIMAC,ANDAHUAYLAS,KISHUARA,7,0,0,0,0
APURIMAC,ANDAHUAYLAS,PACOBAMBA,8,0,0,0,0
APURIMAC,ANDAHUAYLAS,PACUCHA,6,0,0,0,0
APURIMAC,ANDAHUAYLAS,PAMPACHIRI,3,0,0,0,0
APURIMAC,ANDAHUAYLAS,POMACOCHA,1,0,0,0,0
APURIMAC,ANDAHUAYLAS,SAN ANTONIO DE CACHI,4,0,0,0,0
APURIMAC,ANDAHUAYLAS,SAN JERONIMO,10,1,1,0,0
APURIMAC,ANDAHUAYLAS,SAN MIGUEL DE CHACCRAMPA,4,0,0,0,0
APURIMAC,ANDAHUAYLAS,SANTA MARIA DE CHICMO,8,0,0,0,0
APURIMAC,ANDAHUAYLAS,TALAVERA,13,0,0,0,0
APURIMAC,ANDAHUAYLAS,TUMAY HUARACA,3,0,0,0,0
APURIMAC,ANDAHUAYLAS,TURPO,8,0,0,0,0
APURIMAC,ANTABAMBA,ANTABAMBA,5,0,0,0,0
APURIMAC,ANTABAMBA,EL ORO,1,0,0,0,0
APURIMAC,ANTABAMBA,HUAQUIRCA,5,1,1,0,0
APURIMAC,ANTABAMBA,JUAN ESPINOZA MEDRANO,5,0,0,0,0
APURIMAC,ANTABAMBA,OROPESA,5,0,0,0,0
APURIMAC,ANTABAMBA,PACHACONAS,3,0,0,0,0
APURIMAC,ANTABAMBA,SABAINO,2,1,1,0,0
APURIMAC,AYMARAES,CAPAYA,3,0,0,0,0
APURIMAC,AYMARAES,CARAYBAMBA,2,0,0,0,0
APURIMAC,AYMARAES,CHALHUANCA,4,0,0,0,0
APURIMAC,AYMARAES,CHAPIMARCA,4,0,0,0,0
APURIMAC,AYMARAES,COLCABAMBA,1,0,0,0,0
APURIMAC,AYMARAES,COTARUSE,10,0,0,0,0
APURIMAC,AYMARAES,HUAYLLO,2,0,0,0,0
APURIMAC,AYMARAES,JUSTO APU SAHUARAURA,2,0,0,0,0
APURIMAC,AYMARAES,LUCRE,4,0,0,0,0
APURIMAC,AYMARAES,POCOHUANCA,4,0,0,0,0
APURIMAC,AYMARAES,SAN JUAN DE CHACÑA,1,0,0,0,0
APURIMAC,AYMARAES,SAÑAYCA,3,0,0,0,0
APURIMAC,AYMARAES,SORAYA,2,0,0,0,0
APURIMAC,AYMARAES,TAPAIRIHUA,4,0,0,0,0
APURIMAC,AYMARAES,TINTAY,4,0,0,0,0
APURIMAC,AYMARAES,TORAYA,4,0,0,0,0
APURIMAC,AYMARAES,YANACA,3,0,0,0,0
APURIMAC,CHINCHEROS,ANCO HUALLO,6,1,1,0,0
APURIMAC,CHINCHEROS,CHINCHEROS,7,0,0,0,0
APURIMAC,CHINCHEROS,COCHARCAS,3,0,0,0,0
APURIMAC,CHINCHEROS,EL PORVENIR,3,0,0,0,0
APURIMAC,CHINCHEROS,HUACCANA,8,0,0,0,0
APURIMAC,CHINCHEROS,LOS CHANKAS,2,0,0,0,0
APURIMAC,CHINCHEROS,OCOBAMBA,6,0,0,0,0
APURIMAC,CHINCHEROS,ONGOY,3,0,0,0,0
APURIMAC,CHINCHEROS,RANRACANCHA,6,0,0,0,0
APURIMAC,CHINCHEROS,ROCCHACC,3,0,0,0,0
APURIMAC,CHINCHEROS,URANMARCA,3,0,0,0,0
APURIMAC,COTABAMBAS,CHALLHUAHUACHO,12,6,6,0,0
APURIMAC,COTABAMBAS,COTABAMBAS,4,0,0,0,0
APURIMAC,COTABAMBAS,COYLLURQUI,7,1,1,0,0
APURIMAC,COTABAMBAS,HAQUIRA,14,0,0,0,0
APURIMAC,COTABAMBAS,MARA,5,0,0,0,0
APURIMAC,COTABAMBAS,TAMBOBAMBA,14,1,1,0,0
APURIMAC,GRAU,CHUQUIBAMBILLA,8,0,0,0,0
APURIMAC,GRAU,CURASCO,2,0,0,0,0
APURIMAC,GRAU,CURPAHUASI,4,0,0,0,0
APURIMAC,GRAU,HUAILLATI,5,0,0,0,0
APURIMAC,GRAU,MAMARA,1,0,0,0,0
APURIMAC,GRAU,MARISCAL GAMARRA,10,0,0,0,0
APURIMAC,GRAU,MICAELA BASTIDAS,1,0,0,0,0
APURIMAC,GRAU,PATAYPAMPA,2,0,0,0,0
APURIMAC,GRAU,PROGRESO,5,0,0,0,0
APURIMAC,GRAU,SAN ANTONIO,1,0,0,0,0
APURIMAC,GRAU,SANTA ROSA,2,0,0,0,0
APURIMAC,GRAU,TURPAY,1,0,0,0,0
APURIMAC,GRAU,VILCABAMBA,1,0,0,0,0
APURIMAC,GRAU,VIRUNDO,1,0,0,0,0
AREQUIPA,AREQUIPA,CERRO COLORADO,22,9,9,0,0
AREQUIPA,AREQUIPA,CHARACATO,1,0,0,0,0
AREQUIPA,AREQUIPA,CHIGUATA,2,0,0,0,0
AREQUIPA,AREQUIPA,LA JOYA,11,0,0,0,0
AREQUIPA,AREQUIPA,MARIANO MELGAR,10,3,3,0,0
AREQUIPA,AREQUIPA,MIRAFLORES,11,11,11,0,0
AREQUIPA,AREQUIPA,MOLLEBAYA,2,0,0,0,0
AREQUIPA,AREQUIPA,POCSI,2,0,0,0,0
AREQUIPA,AREQUIPA,POLOBAYA,1,0,0,0,0
AREQUIPA,AREQUIPA,QUEQUEÑA,1,0,0,0,0
AREQUIPA,AREQUIPA,SABANDIA,1,0,0,0,0
AREQUIPA,AREQUIPA,SAN JUAN DE SIGUAS,1,0,0,0,0
AREQUIPA,AREQUIPA,SAN JUAN DE TARUCANI,2,0,0,0,0
AREQUIPA,AREQUIPA,SANTA ISABEL DE SIGUAS,3,0,0,0,0
AREQUIPA,AREQUIPA,SANTA RITA DE SIHUAS,2,0,0,0,0
AREQUIPA,AREQUIPA,SOCABAYA,12,2,2,0,0
AREQUIPA,AREQUIPA,TIABAYA,2,2,2,0,0
AREQUIPA,AREQUIPA,UCHUMAYO,5,0,0,0,0
AREQUIPA,AREQUIPA,VITOR,3,0,0,0,0
AREQUIPA,AREQUIPA,YARABAMBA,1,0,0,0,0
AREQUIPA,AREQUIPA,YURA,4,1,1,0,0
AREQUIPA,CAMANA,JOSE MARIA QUIMPER,3,0,0,0,0
AREQUIPA,CAMANA,MARIANO NICOLAS VALCARCEL,3,0,0,0,0
AREQUIPA,CAMANA,MARISCAL CACERES,3,0,0,0,0
AREQUIPA,CAMANA,NICOLAS DE PIEROLA,3,0,0,0,0
AREQUIPA,CAMANA,OCOÑA,3,0,0,0,0
AREQUIPA,CAMANA,QUILCA,1,0,0,0,0
AREQUIPA,CAMANA,SAMUEL PASTOR,6,0,0,0,0
AREQUIPA,CARAVELI,ACARI,2,0,0,0,0
AREQUIPA,CARAVELI,ATICO,2,0,0,0,0
AREQUIPA,CARAVELI,ATIQUIPA,2,0,0,0,0
AREQUIPA,CARAVELI,BELLA UNION,1,0,0,0,0
AREQUIPA,CARAVELI,CAHUACHO,3,0,0,0,0
AREQUIPA,CARAVELI,CARAVELI,2,0,0,0,0
AREQUIPA,CARAVELI,CHALA,2,1,1,0,0
AREQUIPA,CARAVELI,CHAPARRA,2,0,0,0,0
AREQUIPA,CARAVELI,HUANUHUANU,1,1,1,0,0
AREQUIPA,CARAVELI,JAQUI,1,0,0,0,0
AREQUIPA,CARAVELI,LOMAS,1,0,0,0,0
AREQUIPA,CARAVELI,QUICACHA,1,0,0,0,0
AREQUIPA,CARAVELI,YAUCA,1,0,0,0,0
AREQUIPA,CASTILLA,ANDAGUA,2,0,0,0,0
AREQUIPA,CASTILLA,APLAO,6,1,1,0,0
AREQUIPA,CASTILLA,AYO,1,0,0,0,0
AREQUIPA,CASTILLA,CHACHAS,2,0,0,0,0
AREQUIPA,CASTILLA,CHILCAYMARCA,2,0,0,0,0
AREQUIPA,CASTILLA,CHOCO,1,0,0,0,0
AREQUIPA,CASTILLA,ORCOPAMPA,4,0,0,0,0
AREQUIPA,CASTILLA,PAMPACOLCA,3,0,0,0,0
AREQUIPA,CASTILLA,URACA,5,0,0,0,0
AREQUIPA,CAYLLOMA,ACHOMA,1,0,0,0,0
AREQUIPA,CAYLLOMA,CABANACONDE,2,0,0,0,0
AREQUIPA,CAYLLOMA,CALLALLI,2,0,0,0,0
AREQUIPA,CAYLLOMA,CAYLLOMA,3,0,0,0,0
AREQUIPA,CAYLLOMA,CHIVAY,3,0,0,0,0
AREQUIPA,CAYLLOMA,COPORAQUE,1,0,0,0,0
AREQUIPA,CAYLLOMA,HUAMBO,1,0,0,0,0
AREQUIPA,CAYLLOMA,HUANCA,1,0,0,0,0
AREQUIPA,CAYLLOMA,ICHUPAMPA,1,0,0,0,0
AREQUIPA,CAYLLOMA,LARI,1,0,0,0,0
AREQUIPA,CAYLLOMA,LLUTA,3,0,0,0,0
AREQUIPA,CAYLLOMA,MACA,1,0,0,0,0
AREQUIPA,CAYLLOMA,MADRIGAL,1,0,0,0,0
AREQUIPA,CAYLLOMA,MAJES,8,2,2,0,0
AREQUIPA,CAYLLOMA,SAN ANTONIO DE CHUCA,2,1,1,0,0
AREQUIPA,CAYLLOMA,SIBAYO,1,0,0,0,0
AREQUIPA,CAYLLOMA,TAPAY,3,1,1,0,0
AREQUIPA,CAYLLOMA,TISCO,3,0,0,0,0
AREQUIPA,CAYLLOMA,TUTI,1,0,0,0,0
AREQUIPA,CAYLLOMA,YANQUE,1,0,0,0,0
AREQUIPA,CONDESUYOS,CAYARANI,2,1,1,0,0
AREQUIPA,CONDESUYOS,CHUQUIBAMBA,1,0,0,0,0
AREQUIPA,CONDESUYOS,RIO GRANDE,3,0,0,0,0
AREQUIPA,CONDESUYOS,SALAMANCA,1,1,1,0,0
AREQUIPA,ISLAY,COCACHACRA,8,0,0,0,0
AREQUIPA,ISLAY,DEAN VALDIVIA,3,0,0,0,0
AREQUIPA,ISLAY,ISLAY,2,0,0,0,0
AREQUIPA,ISLAY,MEJIA,1,0,0,0,0
AREQUIPA,ISLAY,MOLLENDO,8,6,6,0,0
AREQUIPA,ISLAY,PUNTA DE BOMBON,1,0,0,0,0
AREQUIPA,LA UNION,ALCA,1,0,0,0,0
AREQUIPA,LA UNION,CHARCANA,2,0,0,0,0
AREQUIPA,LA UNION,COTAHUASI,2,0,0,0,0
AREQUIPA,LA UNION,HUAYNACOTAS,3,0,0,0,0
AREQUIPA,LA UNION,PAMPAMARCA,3,0,0,0,0
AREQUIPA,LA UNION,PUYCA,2,0,0,0,0
AREQUIPA,LA UNION,QUECHUALLA,1,0,0,0,0
AREQUIPA,LA UNION,SAYLA,1,0,0,0,0
AREQUIPA,LA UNION,TAURIA,1,0,0,0,0
AREQUIPA,LA UNION,TOMEPAMPA,1,0,0,0,0
AREQUIPA,LA UNION,TORO,2,0,0,0,0
AYACUCHO,CANGALLO,CANGALLO,7,0,0,0,0
AYACUCHO,CANGALLO,CHUSCHI,6,0,0,0,0
AYACUCHO,CANGALLO,LOS MOROCHUCOS,6,0,0,0,0
AYACUCHO,CANGALLO,MARIA PARADO DE BELLIDO,2,0,0,0,0
AYACUCHO,CANGALLO,PARAS,6,0,0,0,0
AYACUCHO,CANGALLO,TOTOS,3,0,0,0,0
AYACUCHO,HUAMANGA,ACOCRO,5,0,0,0,0
AYACUCHO,HUAMANGA,ACOS VINCHOS,3,0,0,0,0
AYACUCHO,HUAMANGA,CARMEN ALTO,7,1,1,0,0
AYACUCHO,HUAMANGA,CHIARA,5,0,0,0,0
AYACUCHO,HUAMANGA,JESUS NAZARENO,15,0,0,0,0
AYACUCHO,HUAMANGA,OCROS,6,0,0,0,0
AYACUCHO,HUAMANGA,PACAYCASA,3,0,0,0,0
AYACUCHO,HUAMANGA,QUINUA,3,0,0,0,0
AYACUCHO,HUAMANGA,SAN JOSE DE TICLLAS,3,0,0,0,0
AYACUCHO,HUAMANGA,SAN JUAN BAUTISTA,9,0,0,0,0
AYACUCHO,HUAMANGA,SANTIAGO DE PISCHA,4,0,0,0,0
AYACUCHO,HUAMANGA,SOCOS,5,0,0,0,0
AYACUCHO,HUAMANGA,TAMBILLO,4,0,0,0,0
AYACUCHO,HUAMANGA,VINCHOS,11,0,0,0,0
AYACUCHO,HUANCA SANCOS,CARAPO,4,0,0,0,0
AYACUCHO,HUANCA SANCOS,SACSAMARCA,2,0,0,0,0
AYACUCHO,HUANCA SANCOS,SANCOS,1,1,1,0,0
AYACUCHO,HUANCA SANCOS,SANTIAGO DE LUCANAMARCA,5,0,0,0,0
AYACUCHO,HUANTA,AYAHUANCO,5,0,0,0,0
AYACUCHO,HUANTA,CANAYRE,5,0,0,0,0
AYACUCHO,HUANTA,CHACA,1,0,0,0,0
AYACUCHO,HUANTA,HUAMANGUILLA,4,0,0,0,0
AYACUCHO,HUANTA,HUANTA,13,0,0,0,0
AYACUCHO,HUANTA,IGUAIN,3,0,0,0,0
AYACUCHO,HUANTA,LLOCHEGUA,9,0,0,0,0
AYACUCHO,HUANTA,LURICOCHA,5,0,0,0,0
AYACUCHO,HUANTA,PUCACOLPA,6,0,0,0,0
AYACUCHO,HUANTA,SANTILLANA,4,0,0,0,0
AYACUCHO,HUANTA,SIVIA,8,0,0,0,0
AYACUCHO,HUANTA,UCHURACCAY,6,0,0,0,0
AYACUCHO,LA MAR,ANCHIHUAY,2,1,1,0,0
AYACUCHO,LA MAR,ANCO,8,0,0,0,0
AYACUCHO,LA MAR,CHILCAS,4,0,0,0,0
AYACUCHO,LA MAR,CHUNGUI,11,0,0,0,0
AYACUCHO,LA MAR,LUIS CARRANZA,1,0,0,0,0
AYACUCHO,LA MAR,ORONCCOY,1,0,0,0,0
AYACUCHO,LA MAR,SAMUGARI,5,0,0,0,0
AYACUCHO,LA MAR,SAN MIGUEL,6,1,1,0,0
AYACUCHO,LA MAR,SANTA ROSA,5,0,0,0,0
AYACUCHO,LA MAR,TAMBO,6,0,0,0,0
AYACUCHO,LUCANAS,AUCARA,5,0,0,0,0
AYACUCHO,LUCANAS,CABANA,2,0,0,0,0
AYACUCHO,LUCANAS,CARMEN SALCEDO,1,0,0,0,0
AYACUCHO,LUCANAS,CHAVIÑA,1,0,0,0,0
AYACUCHO,LUCANAS,CHIPAO,4,0,0,0,0
AYACUCHO,LUCANAS,HUAC-HUAS,3,0,0,0,0
AYACUCHO,LUCANAS,LARAMATE,2,0,0,0,0
AYACUCHO,LUCANAS,LEONCIO PRADO,4,0,0,0,0
AYACUCHO,LUCANAS,LLAUTA,3,0,0,0,0
AYACUCHO,LUCANAS,LUCANAS,3,0,0,0,0
AYACUCHO,LUCANAS,OCAÑA,3,0,0,0,0
AYACUCHO,LUCANAS,OTOCA,3,0,0,0,0
AYACUCHO,LUCANAS,PUQUIO,7,1,1,0,0
AYACUCHO,LUCANAS,SAISA,1,0,0,0,0
AYACUCHO,LUCANAS,SAN CRISTOBAL,2,0,0,0,0
AYACUCHO,LUCANAS,SAN JUAN,2,0,0,0,0
AYACUCHO,LUCANAS,SAN PEDRO,2,0,0,0,0
AYACUCHO,LUCANAS,SAN PEDRO DE PALCO,2,0,0,0,0
AYACUCHO,LUCANAS,SANCOS,6,0,0,0,0
AYACUCHO,LUCANAS,SANTA ANA DE HUAYCAHUACHO,1,0,0,0,0
AYACUCHO,LUCANAS,SANTA LUCIA,4,0,0,0,0
AYACUCHO,PARINACOCHAS,CHUMPI,4,0,0,0,0
AYACUCHO,PARINACOCHAS,CORACORA,10,0,0,0,0
AYACUCHO,PARINACOCHAS,CORONEL CASTAÑEDA,3,0,0,0,0
AYACUCHO,PARINACOCHAS,PACAPAUSA,1,0,0,0,0
AYACUCHO,PARINACOCHAS,PULLO,4,0,0,0,0
AYACUCHO,PARINACOCHAS,PUYUSCA,5,0,0,0,0
AYACUCHO,PARINACOCHAS,SAN FRANCISCO DE RAVACAYCO,1,0,0,0,0
AYACUCHO,PARINACOCHAS,UPAHUACHO,5,0,0,0,0
AYACUCHO,PAUCAR DEL SARA SARA,COLTA,1,0,0,0,0
AYACUCHO,PAUCAR DEL SARA SARA,CORCULLA,1,0,0,0,0
AYACUCHO,PAUCAR DEL SARA SARA,LAMPA,2,0,0,0,0
AYACUCHO,PAUCAR DEL SARA SARA,MARCABAMBA,1,0,0,0,0
AYACUCHO,PAUCAR DEL SARA SARA,OYOLO,2,0,0,0,0
AYACUCHO,PAUCAR DEL SARA SARA,PARARCA,1,0,0,0,0
AYACUCHO,PAUCAR DEL SARA SARA,PAUSA,3,0,0,0,0
AYACUCHO,PAUCAR DEL SARA SARA,SAN JAVIER DE ALPABAMBA,1,0,0,0,0
AYACUCHO,PAUCAR DEL SARA SARA,SAN JOSE DE USHUA,1,0,0,0,0
AYACUCHO,PAUCAR DEL SARA SARA,SARA SARA,1,0,0,0,0
AYACUCHO,SUCRE,BELEN,1,0,0,0,0
AYACUCHO,SUCRE,CHALCOS,1,0,0,0,0
AYACUCHO,SUCRE,CHILCAYOC,1,0,0,0,0
AYACUCHO,SUCRE,HUACAÑA,1,0,0,0,0
AYACUCHO,SUCRE,MORCOLLA,3,0,0,0,0
AYACUCHO,SUCRE,PAICO,2,0,0,0,0
AYACUCHO,SUCRE,QUEROBAMBA,4,0,0,0,0
AYACUCHO,SUCRE,SAN PEDRO DE LARCAY,1,0,0,0,0
AYACUCHO,SUCRE,SAN SALVADOR DE QUIJE,3,0,0,0,0
AYACUCHO,SUCRE,SANTIAGO DE PAUCARAY,3,0,0,0,0
AYACUCHO,SUCRE,SORAS,1,0,0,0,0
AYACUCHO,VICTOR FAJARDO,ALCAMENCA,3,0,0,0,0
AYACUCHO,VICTOR FAJARDO,APONGO,1,0,0,0,0
AYACUCHO,VICTOR FAJARDO,ASQUIPATA,3,0,0,0,0
AYACUCHO,VICTOR FAJARDO,CANARIA,4,0,0,0,0
AYACUCHO,VICTOR FAJARDO,CAYARA,1,0,0,0,0
AYACUCHO,VICTOR FAJARDO,COLCA,2,0,0,0,0
AYACUCHO,VICTOR FAJARDO,HUALLA,2,0,0,0,0
AYACUCHO,VICTOR FAJARDO,HUAMANQUIQUIA,3,0,0,0,0
AYACUCHO,VICTOR FAJARDO,HUANCAPI,2,0,0,0,0
AYACUCHO,VICTOR FAJARDO,HUANCARAYLLA,3,0,0,0,0
AYACUCHO,VICTOR FAJARDO,SARHUA,4,0,0,0,0
AYACUCHO,VICTOR FAJARDO,VILCANCHOS,4,0,0,0,0
AYACUCHO,VILCAS HUAMAN,ACCOMARCA,3,0,0,0,0
AYACUCHO,VILCAS HUAMAN,CARHUANCA,1,0,0,0,0
AYACUCHO,VILCAS HUAMAN,CONCEPCION,2,0,0,0,0
AYACUCHO,VILCAS HUAMAN,HUAMBALPA,2,0,0,0,0
AYACUCHO,VILCAS HUAMAN,INDEPENDENCIA,2,0,0,0,0
AYACUCHO,VILCAS HUAMAN,SAURAMA,1,0,0,0,0
AYACUCHO,VILCAS HUAMAN,VILCAS HUAMAN,6,0,0,0,0
AYACUCHO,VILCAS HUAMAN,VISCHONGO,7,0,0,0,0
CAJAMARCA,CAJABAMBA,CACHACHI,9,0,0,0,0
CAJAMARCA,CAJABAMBA,CAJABAMBA,9,1,1,0,0
CAJAMARCA,CAJABAMBA,CONDEBAMBA,6,0,0,0,0
CAJAMARCA,CAJABAMBA,SITACOCHA,6,0,0,0,0
CAJAMARCA,CAJAMARCA,ASUNCION,3,0,0,0,0
CAJAMARCA,CAJAMARCA,CHETILLA,1,0,0,0,0
CAJAMARCA,CAJAMARCA,COSPAN,3,0,0,0,0
CAJAMARCA,CAJAMARCA,ENCAÑADA,12,1,1,0,0
CAJAMARCA,CAJAMARCA,JESUS,6,0,0,0,0
CAJAMARCA,CAJAMARCA,LLACANORA,1,0,0,0,0
CAJAMARCA,CAJAMARCA,LOS BAÑOS DEL INCA,11,0,0,0,0
CAJAMARCA,CAJAMARCA,MAGDALENA,4,0,0,0,0
CAJAMARCA,CAJAMARCA,MATARA,1,0,0,0,0
CAJAMARCA,CAJAMARCA,NAMORA,6,0,0,0,0
CAJAMARCA,CAJAMARCA,SAN JUAN,1,0,0,0,0
CAJAMARCA,CELENDIN,CELENDIN,19,1,1,0,0
CAJAMARCA,CELENDIN,CHUMUCH,2,0,0,0,0
CAJAMARCA,CELENDIN,CORTEGANA,7,0,0,0,0
CAJAMARCA,CELENDIN,HUASMIN,9,0,0,0,0
CAJAMARCA,CELENDIN,JORGE CHAVEZ,1,0,0,0,0
CAJAMARCA,CELENDIN,JOSE GALVEZ,2,0,0,0,0
CAJAMARCA,CELENDIN,LA LIBERTAD DE PALLAN,3,0,0,0,0
CAJAMARCA,CELENDIN,MIGUEL IGLESIAS,5,0,0,0,0
CAJAMARCA,CELENDIN,OXAMARCA,4,0,0,0,0
CAJAMARCA,CELENDIN,SOROCHUCO,7,0,0,0,0
CAJAMARCA,CELENDIN,SUCRE,3,1,1,0,0
CAJAMARCA,CELENDIN,UTCO,1,0,0,0,0
CAJAMARCA,CHOTA,ANGUIA,5,0,0,0,0
CAJAMARCA,CHOTA,CHADIN,5,0,0,0,0
CAJAMARCA,CHOTA,CHALAMARCA,14,0,0,0,0
CAJAMARCA,CHOTA,CHIGUIRIP,6,0,0,0,0
CAJAMARCA,CHOTA,CHIMBAN,4,0,0,0,0
CAJAMARCA,CHOTA,CHOROPAMPA,4,0,0,0,0
CAJAMARCA,CHOTA,COCHABAMBA,8,0,0,0,0
CAJAMARCA,CHOTA,CONCHAN,7,0,0,0,0
CAJAMARCA,CHOTA,HUAMBOS,8,0,0,0,0
CAJAMARCA,CHOTA,LAJAS,15,0,0,0,0
CAJAMARCA,CHOTA,LLAMA,9,0,0,0,0
CAJAMARCA,CHOTA,MIRACOSTA,6,0,0,0,0
CAJAMARCA,CHOTA,PACCHA,8,0,0,0,0
CAJAMARCA,CHOTA,PION,4,0,0,0,0
CAJAMARCA,CHOTA,QUEROCOTO,11,0,0,0,0
CAJAMARCA,CHOTA,SAN JUAN DE LICUPIS,3,0,0,0,0
CAJAMARCA,CHOTA,TACABAMBA,16,0,0,0,0
CAJAMARCA,CHOTA,TOCMOCHE,1,0,0,0,0
CAJAMARCA,CONTUMAZA,CHILETE,2,0,0,0,0
CAJAMARCA,CONTUMAZA,CONTUMAZA,6,0,0,0,0
CAJAMARCA,CONTUMAZA,CUPISNIQUE,2,0,0,0,0
CAJAMARCA,CONTUMAZA,GUZMANGO,2,0,0,0,0
CAJAMARCA,CONTUMAZA,SAN BENITO,3,0,0,0,0
CAJAMARCA,CONTUMAZA,SANTA CRUZ DE TOLED,1,0,0,0,0
CAJAMARCA,CONTUMAZA,TANTARICA,1,0,0,0,0
CAJAMARCA,CONTUMAZA,YONAN,5,0,0,0,0
CAJAMARCA,CUTERVO,CALLAYUC,18,0,0,0,0
CAJAMARCA,CUTERVO,CHOROS,4,0,0,0,0
CAJAMARCA,CUTERVO,CUJILLO,4,0,0,0,0
CAJAMARCA,CUTERVO,CUTERVO,65,1,1,0,0
CAJAMARCA,CUTERVO,LA RAMADA,8,0,0,0,0
CAJAMARCA,CUTERVO,PIMPINGOS,8,0,0,0,0
CAJAMARCA,CUTERVO,QUEROCOTILLO,23,0,0,0,0
CAJAMARCA,CUTERVO,SAN ANDRES DE CUTERVO,5,0,0,0,0
CAJAMARCA,CUTERVO,SAN JUAN DE CUTERVO,4,0,0,0,0
CAJAMARCA,CUTERVO,SAN LUIS DE LUCMA,5,0,0,0,0
CAJAMARCA,CUTERVO,SANTA CRUZ,7,0,0,0,0
CAJAMARCA,CUTERVO,SANTO DOMINGO DE LA CAPILLA,12,0,0,0,0
CAJAMARCA,CUTERVO,SANTO TOMAS,12,0,0,0,0
CAJAMARCA,CUTERVO,SOCOTA,17,0,0,0,0
CAJAMARCA,CUTERVO,TORIBIO CASANOVA,2,0,0,0,0
CAJAMARCA,HUALGAYOC,BAMBAMARCA,46,2,2,0,0
CAJAMARCA,HUALGAYOC,CHUGUR,4,0,0,0,0
CAJAMARCA,HUALGAYOC,HUALGAYOC,15,0,0,0,0
CAJAMARCA,JAEN,CHONTALI,4,0,0,0,0
CAJAMARCA,JAEN,COLASAY,7,0,0,0,0
CAJAMARCA,JAEN,HUABAL,9,0,0,0,0
CAJAMARCA,JAEN,JAEN,104,45,45,0,0
CAJAMARCA,JAEN,LAS PIRIAS,2,0,0,0,0
CAJAMARCA,JAEN,POMAHUACA,7,0,0,0,0
CAJAMARCA,JAEN,PUCARA,2,0,0,0,0
CAJAMARCA,JAEN,SALLIQUE,8,0,0,0,0
CAJAMARCA,JAEN,SAN FELIPE,2,0,0,0,0
CAJAMARCA,JAEN,SAN JOSE DEL ALTO,8,0,0,0,0
CAJAMARCA,JAEN,SANTA ROSA,6,0,0,0,0
CAJAMARCA,SAN IGNACIO,CHIRINOS,8,0,0,0,0
CAJAMARCA,SAN IGNACIO,HUARANGO,13,0,0,0,0
CAJAMARCA,SAN IGNACIO,LA COIPA,17,0,0,0,0
CAJAMARCA,SAN IGNACIO,NAMBALLE,7,0,0,0,0
CAJAMARCA,SAN IGNACIO,SAN IGNACIO,22,4,4,0,0
CAJAMARCA,SAN IGNACIO,SAN JOSE DE LOURDES,15,0,0,0,0
CAJAMARCA,SAN IGNACIO,TABACONAS,9,0,0,0,0
CAJAMARCA,SAN MARCOS,CHANCAY,3,0,0,0,0
CAJAMARCA,SAN MARCOS,EDUARDO VILLANUEVA,1,0,0,0,0
CAJAMARCA,SAN MARCOS,GREGORIO PITA,5,0,0,0,0
CAJAMARCA,SAN MARCOS,ICHOCAN,1,0,0,0,0
CAJAMARCA,SAN MARCOS,JOSE MANUEL QUIROZ,1,0,0,0,0
CAJAMARCA,SAN MARCOS,JOSE SABOGAL,6,0,0,0,0
CAJAMARCA,SAN MARCOS,PEDRO GALVEZ,9,1,1,0,0
CAJAMARCA,SAN MIGUEL,BOLIVAR,2,0,0,0,0
CAJAMARCA,SAN MIGUEL,CALQUIS,3,0,0,0,0
CAJAMARCA,SAN MIGUEL,CATILLUC,2,0,0,0,0
CAJAMARCA,SAN MIGUEL,EL PRADO,5,0,0,0,0
CAJAMARCA,SAN MIGUEL,LA FLORIDA,1,0,0,0,0
CAJAMARCA,SAN MIGUEL,LLAPA,7,0,0,0,0
CAJAMARCA,SAN MIGUEL,NANCHOC,2,0,0,0,0
CAJAMARCA,SAN MIGUEL,NIEPOS,4,0,0,0,0
CAJAMARCA,SAN MIGUEL,SAN GREGORIO,3,0,0,0,0
CAJAMARCA,SAN MIGUEL,SAN MIGUEL,9,0,0,0,0
CAJAMARCA,SAN MIGUEL,SAN SILVESTRE DE COCHAN,6,0,0,0,0
CAJAMARCA,SAN MIGUEL,TONGOD,3,0,0,0,0
CAJAMARCA,SAN MIGUEL,UNION AGUA BLANCA,2,0,0,0,0
CAJAMARCA,SAN PABLO,SAN BERNARDINO,3,0,0,0,0
CAJAMARCA,SAN PABLO,SAN LUIS,2,0,0,0,0
CAJAMARCA,SAN PABLO,SAN PABLO,6,0,0,0,0
CAJAMARCA,SAN PABLO,TUMBADEN,3,0,0,0,0
CAJAMARCA,SANTA CRUZ,ANDABAMBA,1,0,0,0,0
CAJAMARCA,SANTA CRUZ,CATACHE,7,0,0,0,0
CAJAMARCA,SANTA CRUZ,CHANCAYBAÑOS,6,0,0,0,0
CAJAMARCA,SANTA CRUZ,LA ESPERANZA,3,0,0,0,0
CAJAMARCA,SANTA CRUZ,NINABAMBA,3,0,0,0,0
CAJAMARCA,SANTA CRUZ,PULAN,5,0,0,0,0
CAJAMARCA,SANTA CRUZ,SANTA CRUZ,7,1,1,0,0
CAJAMARCA,SANTA CRUZ,SAUCEPAMPA,2,0,0,0,0
CAJAMARCA,SANTA CRUZ,SEXI,1,0,0,0,0
CAJAMARCA,SANTA CRUZ,UTICYACU,3,0,0,0,0
CAJAMARCA,SANTA CRUZ,YAUYUCAN,4,0,0,0,0
CALLAO,CALLAO,LA PUNTA,4,2,2,0,0
CUSCO,ACOMAYO,ACOMAYO,1,1,1,0,0
CUSCO,ACOMAYO,ACOPIA,1,0,0,0,0
CUSCO,ACOMAYO,ACOS,1,0,0,0,0
CUSCO,ACOMAYO,MOSOC LLACTA,1,0,0,0,0
CUSCO,ACOMAYO,POMACANCHI,3,0,0,0,0
CUSCO,ACOMAYO,RONDOCAN,1,0,0,0,0
CUSCO,ACOMAYO,SANGARARA,2,0,0,0,0
CUSCO,ANTA,ANCAHUASI,1,0,0,0,0
CUSCO,ANTA,ANTA,11,0,0,0,0
CUSCO,ANTA,CACHIMAYO,1,0,0,0,0
CUSCO,ANTA,CHINCHAYPUJIO,2,0,0,0,0
CUSCO,ANTA,HUAROCONDO,2,0,0,0,0
CUSCO,ANTA,LIMATAMBO,3,0,0,0,0
CUSCO,ANTA,MOLLEPATA,3,0,0,0,0
CUSCO,ANTA,PUCYURA,1,0,0,0,0
CUSCO,ANTA,ZURITE,1,0,0,0,0
CUSCO,CALCA,CALCA,6,1,1,0,0
CUSCO,CALCA,COYA,2,0,0,0,0
CUSCO,CALCA,LAMAY,5,0,0,0,0
CUSCO,CALCA,LARES,5,0,0,0,0
CUSCO,CALCA,PISAC,4,0,0,0,0
CUSCO,CALCA,SAN SALVADOR,2,0,0,0,0
CUSCO,CALCA,TARAY,3,0,0,0,0
CUSCO,CALCA,YANATILE,11,0,0,0,0
CUSCO,CANAS,CHECCA,2,0,0,0,0
CUSCO,CANAS,KUNTURKANKI,1,0,0,0,0
CUSCO,CANAS,LANGUI,2,0,0,0,0
CUSCO,CANAS,LAYO,1,0,0,0,0
CUSCO,CANAS,PAMPAMARCA,1,0,0,0,0
CUSCO,CANAS,QUEHUE,2,0,0,0,0
CUSCO,CANAS,TUPAC AMARU,3,0,0,0,0
CUSCO,CANAS,YANAOCA,3,0,0,0,0
CUSCO,CANCHIS,CHECACUPE,1,0,0,0,0
CUSCO,CANCHIS,COMBAPATA,2,0,0,0,0
CUSCO,CANCHIS,MARANGANI,4,0,0,0,0
CUSCO,CANCHIS,PITUMARCA,2,0,0,0,0
CUSCO,CANCHIS,SAN PABLO,2,0,0,0,0
CUSCO,CANCHIS,SAN PEDRO,1,0,0,0,0
CUSCO,CANCHIS,TINTA,1,0,0,0,0
CUSCO,CHUMBIVILCAS,CAPACMARCA,2,1,1,0,0
CUSCO,CHUMBIVILCAS,CHAMACA,5,0,0,0,0
CUSCO,CHUMBIVILCAS,COLQUEMARCA,5,0,0,0,0
CUSCO,CHUMBIVILCAS,LIVITACA,7,0,0,0,0
CUSCO,CHUMBIVILCAS,LLUSCO,4,1,1,0,0
CUSCO,CHUMBIVILCAS,QUIÑOTA,3,1,1,0,0
CUSCO,CHUMBIVILCAS,VELILLE,4,2,2,0,0
CUSCO,CUSCO,CCORCA,1,0,0,0,0
CUSCO,CUSCO,POROY,2,0,0,0,0
CUSCO,CUSCO,SAYLLA,1,0,0,0,0
CUSCO,ESPINAR,ALTO PICHIGUA,1,0,0,0,0
CUSCO,ESPINAR,CONDOROMA,1,0,0,0,0
CUSCO,ESPINAR,COPORAQUE,3,0,0,0,0
CUSCO,ESPINAR,ESPINAR,13,6,6,0,0
CUSCO,ESPINAR,OCORURO,1,0,0,0,0
CUSCO,ESPINAR,PALLPATA,1,0,0,0,0
CUSCO,ESPINAR,PICHIGUA,2,0,0,0,0
CUSCO,ESPINAR,SUYCKUTAMBO,1,0,0,0,0
CUSCO,LA CONVENCION,ECHARATE,25,3,3,0,0
CUSCO,LA CONVENCION,HUAYOPATA,6,0,0,0,0
CUSCO,LA CONVENCION,KIMBIRI,9,3,3,0,0
CUSCO,LA CONVENCION,MARANURA,3,0,0,0,0
CUSCO,LA CONVENCION,MEGANTONI,16,0,0,0,0
CUSCO,LA CONVENCION,OCOBAMBA,3,0,0,0,0
CUSCO,LA CONVENCION,QUELLOUNO,8,0,0,0,0
CUSCO,LA CONVENCION,SANTA TERESA,3,0,0,0,0
CUSCO,LA CONVENCION,VILCABAMBA,8,0,0,0,0
CUSCO,LA CONVENCION,VILLA KINTIARINA,2,0,0,0,0
CUSCO,LA CONVENCION,VILLA VIRGEN,2,1,1,0,0
CUSCO,PARURO,ACCHA,1,0,0,0,0
CUSCO,PARURO,CCAPI,2,0,0,0,0
CUSCO,PARURO,COLCHA,2,0,0,0,0
CUSCO,PARURO,HUANOQUITE,1,0,0,0,0
CUSCO,PARURO,OMACHA,4,0,0,0,0
CUSCO,PARURO,PACCARITAMBO,1,0,0,0,0
CUSCO,PARURO,PARURO,1,0,0,0,0
CUSCO,PARURO,PILLPINTO,1,0,0,0,0
CUSCO,PARURO,YAURISQUE,1,0,0,0,0
CUSCO,PAUCARTAMBO,CAICAY,2,0,0,0,0
CUSCO,PAUCARTAMBO,CHALLABAMBA,3,0,0,0,0
CUSCO,PAUCARTAMBO,COLQUEPATA,5,0,0,0,0
CUSCO,PAUCARTAMBO,HUANCARANI,1,0,0,0,0
CUSCO,PAUCARTAMBO,KOSÑIPATA,2,0,0,0,0
CUSCO,PAUCARTAMBO,PAUCARTAMBO,3,0,0,0,0
CUSCO,QUISPICANCHI,ANDAHUAYLILLAS,1,0,0,0,0
CUSCO,QUISPICANCHI,CAMANTI,1,1,1,0,0
CUSCO,QUISPICANCHI,CCARHUAYO,1,0,0,0,0
CUSCO,QUISPICANCHI,CCATCA,6,0,0,0,0
CUSCO,QUISPICANCHI,CUSIPATA,2,0,0,0,0
CUSCO,QUISPICANCHI,HUARO,5,0,0,0,0
CUSCO,QUISPICANCHI,LUCRE,2,0,0,0,0
CUSCO,QUISPICANCHI,MARCAPATA,2,0,0,0,0
CUSCO,QUISPICANCHI,OCONGATE,2,0,0,0,0
CUSCO,QUISPICANCHI,OROPESA,1,0,0,0,0
CUSCO,QUISPICANCHI,QUIQUIJANA,2,0,0,0,0
CUSCO,QUISPICANCHI,URCOS,3,0,0,0,0
CUSCO,URUBAMBA,CHINCHERO,2,0,0,0,0
CUSCO,URUBAMBA,HUAYLLABAMBA,1,0,0,0,0
CUSCO,URUBAMBA,MARAS,2,0,0,0,0
CUSCO,URUBAMBA,OLLANTAYTAMBO,5,1,1,0,0
CUSCO,URUBAMBA,URUBAMBA,8,3,3,0,0
CUSCO,URUBAMBA,YUCAY,1,0,0,0,0
HUANCAVELICA,ACOBAMBA,ACOBAMBA,9,3,3,0,0
HUANCAVELICA,ACOBAMBA,ANDABAMBA,4,0,0,0,0
HUANCAVELICA,ACOBAMBA,ANTA,11,0,0,0,0
HUANCAVELICA,ACOBAMBA,CAJA,4,0,0,0,0
HUANCAVELICA,ACOBAMBA,MARCAS,4,0,0,0,0
HUANCAVELICA,ACOBAMBA,PAUCARA,10,0,0,0,0
HUANCAVELICA,ACOBAMBA,POMACOCHA,5,0,0,0,0
HUANCAVELICA,ACOBAMBA,ROSARIO,10,0,0,0,0
HUANCAVELICA,ANGARAES,ANCHONGA,8,0,0,0,0
HUANCAVELICA,ANGARAES,CALLANMARCA,1,0,0,0,0
HUANCAVELICA,ANGARAES,CCOCHACCASA,5,1,1,0,0
HUANCAVELICA,ANGARAES,CHINCHO,2,0,0,0,0
HUANCAVELICA,ANGARAES,CONGALLA,5,0,0,0,0
HUANCAVELICA,ANGARAES,HUALLAY-GRANDE,1,0,0,0,0
HUANCAVELICA,ANGARAES,HUANCA-HUANCA,2,0,0,0,0
HUANCAVELICA,ANGARAES,JULCAMARCA,1,0,0,0,0
HUANCAVELICA,ANGARAES,SAN ANTONIO DE ANTAPARCO,2,0,0,0,0
HUANCAVELICA,ANGARAES,SANTO TOMAS DE PATA,3,0,0,0,0
HUANCAVELICA,ANGARAES,SECCLLA,3,0,0,0,0
HUANCAVELICA,CASTROVIRREYNA,ARMA,4,0,0,0,0
HUANCAVELICA,CASTROVIRREYNA,AURAHUA,2,0,0,0,0
HUANCAVELICA,CASTROVIRREYNA,CAPILLAS,4,0,0,0,0
HUANCAVELICA,CASTROVIRREYNA,CASTROVIRREYNA,5,0,0,0,0
HUANCAVELICA,CASTROVIRREYNA,CHUPAMARCA,2,0,0,0,0
HUANCAVELICA,CASTROVIRREYNA,COCAS,1,0,0,0,0
HUANCAVELICA,CASTROVIRREYNA,HUACHOS,4,0,0,0,0
HUANCAVELICA,CASTROVIRREYNA,HUAMATAMBO,1,0,0,0,0
HUANCAVELICA,CASTROVIRREYNA,MOLLEPAMPA,2,0,0,0,0
HUANCAVELICA,CASTROVIRREYNA,SAN JUAN,2,0,0,0,0
HUANCAVELICA,CASTROVIRREYNA,SANTA ANA,4,0,0,0,0
HUANCAVELICA,CASTROVIRREYNA,TANTARA,2,0,0,0,0
HUANCAVELICA,CASTROVIRREYNA,TICRAPO,2,0,0,0,0
HUANCAVELICA,CHURCAMPA,ANCO,4,0,0,0,0
HUANCAVELICA,CHURCAMPA,CHINCHIHUASI,3,0,0,0,0
HUANCAVELICA,CHURCAMPA,CHURCAMPA,4,0,0,0,0
HUANCAVELICA,CHURCAMPA,COSME,3,0,0,0,0
HUANCAVELICA,CHURCAMPA,EL CARMEN,2,0,0,0,0
HUANCAVELICA,CHURCAMPA,LA MERCED,1,0,0,0,0
HUANCAVELICA,CHURCAMPA,LOCROJA,5,0,0,0,0
HUANCAVELICA,CHURCAMPA,PACHAMARCA,6,0,0,0,0
HUANCAVELICA,CHURCAMPA,PAUCARBAMBA,5,0,0,0,0
HUANCAVELICA,CHURCAMPA,SAN MIGUEL DE MAYOCC,2,0,0,0,0
HUANCAVELICA,CHURCAMPA,SAN PEDRO DE CORIS,4,1,1,0,0
HUANCAVELICA,HUANCAVELICA,ACOBAMBILLA,6,0,0,0,0
HUANCAVELICA,HUANCAVELICA,ACORIA,28,0,0,0,0
HUANCAVELICA,HUANCAVELICA,ASCENSION,3,1,1,0,0
HUANCAVELICA,HUANCAVELICA,CONAYCA,1,0,0,0,0
HUANCAVELICA,HUANCAVELICA,CUENCA,3,0,0,0,0
HUANCAVELICA,HUANCAVELICA,HUACHOCOLPA,2,1,1,0,0
HUANCAVELICA,HUANCAVELICA,HUANCAVELICA,25,7,7,0,0
HUANCAVELICA,HUANCAVELICA,HUANDO,6,0,0,0,0
HUANCAVELICA,HUANCAVELICA,HUAYLLAHUARA,1,0,0,0,0
HUANCAVELICA,HUANCAVELICA,IZCUCHACA,1,0,0,0,0
HUANCAVELICA,HUANCAVELICA,LARIA,2,0,0,0,0
HUANCAVELICA,HUANCAVELICA,MANTA,3,0,0,0,0
HUANCAVELICA,HUANCAVELICA,MARISCAL CACERES,1,0,0,0,0
HUANCAVELICA,HUANCAVELICA,MOYA,2,0,0,0,0
HUANCAVELICA,HUANCAVELICA,NUEVO OCCORO,2,0,0,0,0
HUANCAVELICA,HUANCAVELICA,PALCA,5,0,0,0,0
HUANCAVELICA,HUANCAVELICA,PILCHACA,1,0,0,0,0
HUANCAVELICA,HUANCAVELICA,VILCA,4,0,0,0,0
HUANCAVELICA,HUANCAVELICA,YAULI,25,0,0,0,0
HUANCAVELICA,HUAYTARA,AYAVI,2,0,0,0,0
HUANCAVELICA,HUAYTARA,CORDOVA,3,1,1,0,0
HUANCAVELICA,HUAYTARA,HUAYACUNDO ARMA,1,0,0,0,0
HUANCAVELICA,HUAYTARA,HUAYTARA,3,0,0,0,0
HUANCAVELICA,HUAYTARA,LARAMARCA,1,0,0,0,0
HUANCAVELICA,HUAYTARA,OCOYO,3,0,0,0,0
HUANCAVELICA,HUAYTARA,PILPICHACA,9,0,0,0,0
HUANCAVELICA,HUAYTARA,QUERCO,1,0,0,0,0
HUANCAVELICA,HUAYTARA,QUITO ARMA,2,0,0,0,0
HUANCAVELICA,HUAYTARA,SAN ANTONIO DE CUSICANCHA,2,0,0,0,0
HUANCAVELICA,HUAYTARA,SAN FRANCISCO DE SANGAYAICO,3,0,0,0,0
HUANCAVELICA,HUAYTARA,SAN ISIDRO,1,0,0,0,0
HUANCAVELICA,HUAYTARA,SANTIAGO DE CHOCORVOS,8,0,0,0,0
HUANCAVELICA,HUAYTARA,SANTIAGO DE QUIRAHUARA,1,0,0,0,0
HUANCAVELICA,HUAYTARA,SANTO DOMINGO DE CAPILLAS,3,0,0,0,0
HUANCAVELICA,HUAYTARA,TAMBO,1,0,0,0,0
HUANCAVELICA,TAYACAJA,ACOSTAMBO,6,0,0,0,0
HUANCAVELICA,TAYACAJA,ACRAQUIA,4,0,0,0,0
HUANCAVELICA,TAYACAJA,AHUAYCHA,5,0,0,0,0
HUANCAVELICA,TAYACAJA,ANDAYMARCA,3,0,0,0,0
HUANCAVELICA,TAYACAJA,COLCABAMBA,11,0,0,0,0
HUANCAVELICA,TAYACAJA,DANIEL HERNANDEZ,6,1,1,0,0
HUANCAVELICA,TAYACAJA,HUACHOCOLPA,4,0,0,0,0
HUANCAVELICA,TAYACAJA,HUARIBAMBA,6,0,0,0,0
HUANCAVELICA,TAYACAJA,ÑAHUIMPUQUIO,2,0,0,0,0
HUANCAVELICA,TAYACAJA,PAMPAS,8,4,4,0,0
HUANCAVELICA,TAYACAJA,PAZOS,6,0,0,0,0
HUANCAVELICA,TAYACAJA,PICHOS,2,0,0,0,0
HUANCAVELICA,TAYACAJA,QUICHUAS,5,0,0,0,0
HUANCAVELICA,TAYACAJA,QUISHUAR,1,0,0,0,0
HUANCAVELICA,TAYACAJA,ROBLE,1,0,0,0,0
HUANCAVELICA,TAYACAJA,SALCABAMBA,5,0,0,0,0
HUANCAVELICA,TAYACAJA,SALCAHUASI,4,0,0,0,0
HUANCAVELICA,TAYACAJA,SAN MARCOS DE ROCCHAC,4,0,0,0,0
HUANCAVELICA,TAYACAJA,SANTIAGO DE TUCUMA,1,0,0,0,0
HUANCAVELICA,TAYACAJA,SURCUBAMBA,7,0,0,0,0
HUANCAVELICA,TAYACAJA,TINTAY PUNCU,4,0,0,0,0
HUANUCO,AMBO,AMBO,7,0,0,0,0
HUANUCO,AMBO,CAYNA,3,0,0,0,0
HUANUCO,AMBO,COLPAS,3,0,0,0,0
HUANUCO,AMBO,CONCHAMARCA,2,1,1,0,0
HUANUCO,AMBO,HUACAR,4,0,0,0,0
HUANUCO,AMBO,SAN FRANCISCO,3,0,0,0,0
HUANUCO,AMBO,SAN RAFAEL,11,0,0,0,0
HUANUCO,AMBO,TOMAY-KICHWA,1,0,0,0,0
HUANUCO,DOS DE MAYO,CHUQUIS,4,0,0,0,0
HUANUCO,DOS DE MAYO,LA UNION,2,0,0,0,0
HUANUCO,DOS DE MAYO,MARIAS,6,0,0,0,0
HUANUCO,DOS DE MAYO,PACHAS,6,0,0,0,0
HUANUCO,DOS DE MAYO,RIPAN,3,0,0,0,0
HUANUCO,DOS DE MAYO,SHUNQUI,2,0,0,0,0
HUANUCO,DOS DE MAYO,SILLAPATA,1,0,0,0,0
HUANUCO,DOS DE MAYO,YANAS,1,0,0,0,0
HUANUCO,HUACAYBAMBA,CANCHABAMBA,2,0,0,0,0
HUANUCO,HUACAYBAMBA,COCHABAMBA,2,0,0,0,0
HUANUCO,HUACAYBAMBA,HUACAYBAMBA,3,0,0,0,0
HUANUCO,HUACAYBAMBA,PINRA,3,0,0,0,0
HUANUCO,HUAMALIES,ARANCAY,2,0,0,0,0
HUANUCO,HUAMALIES,CHAVIN DE PARIARCA,3,0,0,0,0
HUANUCO,HUAMALIES,JACAS GRANDE,5,0,0,0,0
HUANUCO,HUAMALIES,JIRCAN,1,0,0,0,0
HUANUCO,HUAMALIES,LLATA,6,0,0,0,0
HUANUCO,HUAMALIES,MIRAFLORES,1,0,0,0,0
HUANUCO,HUAMALIES,MONZON,10,0,0,0,0
HUANUCO,HUAMALIES,PUNCHAO,1,0,0,0,0
HUANUCO,HUAMALIES,PUÑOS,3,0,0,0,0
HUANUCO,HUAMALIES,SINGA,4,0,0,0,0
HUANUCO,HUAMALIES,TANTAMAYO,3,0,0,0,0
HUANUCO,HUANUCO,CHINCHAO,5,0,0,0,0
HUANUCO,HUANUCO,CHURUBAMBA,8,0,0,0,0
HUANUCO,HUANUCO,HUANUCO,50,15,15,0,0
HUANUCO,HUANUCO,MARGOS,4,0,0,0,0
HUANUCO,HUANUCO,PILLCO MARCA,4,1,1,0,0
HUANUCO,HUANUCO,QUISQUI,3,0,0,0,0
HUANUCO,HUANUCO,SAN FRANCISCO DE CAYRAN,2,0,0,0,0
HUANUCO,HUANUCO,SAN PABLO DE PILLAO,5,0,0,0,0
HUANUCO,HUANUCO,SAN PEDRO DE CHAULAN,3,0,0,0,0
HUANUCO,HUANUCO,SANTA MARIA DEL VALLE,12,0,0,0,0
HUANUCO,HUANUCO,YACUS,4,0,0,0,0
HUANUCO,HUANUCO,YARUMAYO,3,0,0,0,0
HUANUCO,LAURICOCHA,BAÑOS,1,2,2,0,0
HUANUCO,LAURICOCHA,JIVIA,1,0,0,0,0
HUANUCO,LAURICOCHA,QUEROPALCA,1,0,0,0,0
HUANUCO,LAURICOCHA,SAN FRANCISCO DE ASIS,2,0,0,0,0
HUANUCO,LEONCIO PRADO,CASTILLO GRANDE,2,0,0,0,0
HUANUCO,LEONCIO PRADO,DANIEL ALOMIA ROBLES,7,0,0,0,0
HUANUCO,LEONCIO PRADO,HERMILIO VALDIZAN,6,0,0,0,0
HUANUCO,LEONCIO PRADO,LUYANDO,9,0,0,0,0
HUANUCO,LEONCIO PRADO,MARIANO DAMASO BERAUN,5,0,0,0,0
HUANUCO,LEONCIO PRADO,PUCAYACU,4,0,0,0,0
HUANUCO,LEONCIO PRADO,PUEBLO NUEVO,1,0,0,0,0
HUANUCO,LEONCIO PRADO,SANTO DOMINGO DE ANDA,1,0,0,0,0
HUANUCO,MARAÑON,CHOLON,5,0,0,0,0
HUANUCO,MARAÑON,HUACRACHUCO,8,0,0,0,0
HUANUCO,MARAÑON,LA MORADA,1,0,0,0,0
HUANUCO,MARAÑON,SAN BUENAVENTURA,3,0,0,0,0
HUANUCO,MARAÑON,SANTA ROSA DE ALTO YANAJANCA,3,0,0,0,0
HUANUCO,PACHITEA,CHAGLLA,5,0,0,0,0
HUANUCO,PACHITEA,MOLINO,6,0,0,0,0
HUANUCO,PACHITEA,PANAO,6,0,0,0,0
HUANUCO,PACHITEA,UMARI,8,0,0,0,0
HUANUCO,PUERTO INCA,CODO DEL POZUZO,10,0,0,0,0
HUANUCO,PUERTO INCA,HONORIA,6,0,0,0,0
HUANUCO,PUERTO INCA,TOURNAVISTA,5,0,0,0,0
HUANUCO,PUERTO INCA,YUYAPICHIS,7,0,0,0,0
HUANUCO,YAROWILCA,APARICIO POMARES,3,0,0,0,0
HUANUCO,YAROWILCA,CAHUAC,1,0,0,0,0
HUANUCO,YAROWILCA,CHACABAMBA,1,1,1,0,0
HUANUCO,YAROWILCA,CHAVINILLO,5,0,0,0,0
HUANUCO,YAROWILCA,CHORAS,3,0,0,0,0
HUANUCO,YAROWILCA,JACAS CHICO,1,0,0,0,0
HUANUCO,YAROWILCA,OBAS,5,0,0,0,0
HUANUCO,YAROWILCA,PAMPAMARCA,1,0,0,0,0
ICA,CHINCHA,ALTO LARAN,3,0,0,0,0
ICA,CHINCHA,CHAVIN,2,0,0,0,0
ICA,CHINCHA,CHINCHA ALTA,19,22,22,0,0
ICA,CHINCHA,CHINCHA BAJA,3,0,0,0,0
ICA,CHINCHA,EL CARMEN,4,0,0,0,0
ICA,CHINCHA,GROCIO PRADO,3,0,0,0,0
ICA,CHINCHA,SAN JUAN DE YANAC,2,0,0,0,0
ICA,CHINCHA,SAN PEDRO DE HUACARPANA,4,0,0,0,0
ICA,CHINCHA,SUNAMPE,2,2,2,0,0
ICA,ICA,LA TINGUIÑA,3,1,1,0,0
ICA,ICA,LOS AQUIJES,5,1,1,0,0
ICA,ICA,OCUCAJE,4,0,0,0,0
ICA,ICA,PACHACUTEC,2,0,0,0,0
ICA,ICA,PARCONA,4,0,0,0,0
ICA,ICA,PUEBLO NUEVO,4,0,0,0,0
ICA,ICA,SALAS,5,2,2,0,0
ICA,ICA,SAN JOSE DE LOS MOLINOS,4,0,0,0,0
ICA,ICA,SAN JUAN BAUTISTA,3,0,0,0,0
ICA,ICA,SANTIAGO,4,2,2,0,0
ICA,ICA,SUBTANJALLA,6,1,1,0,0
ICA,ICA,TATE,4,0,0,0,0
ICA,ICA,YAUCA DEL ROSARIO,4,0,0,0,0
ICA,NAZCA,CHANGUILLO,4,0,0,0,0
ICA,NAZCA,EL INGENIO,3,0,0,0,0
ICA,NAZCA,NAZCA,6,6,6,0,0
ICA,NAZCA,VISTA ALEGRE,6,3,3,0,0
ICA,PALPA,LLIPATA,1,0,0,0,0
ICA,PALPA,PALPA,6,7,7,0,0
ICA,PALPA,RIO GRANDE,4,0,0,0,0
ICA,PALPA,SANTA CRUZ,3,0,0,0,0
ICA,PALPA,TIBILLO,1,0,0,0,0
ICA,PISCO,HUANCANO,2,0,0,0,0
ICA,PISCO,HUMAY,4,0,0,0,0
ICA,PISCO,INDEPENDENCIA,6,1,1,0,0
ICA,PISCO,PARACAS,5,0,0,0,0
ICA,PISCO,SAN ANDRES,3,0,0,0,0
ICA,PISCO,SAN CLEMENTE,3,1,1,0,0
JUNIN,CHANCHAMAYO,CHANCHAMAYO,16,15,15,0,0
JUNIN,CHANCHAMAYO,PERENE,28,1,1,0,0
JUNIN,CHANCHAMAYO,PICHANAQUI,23,9,9,0,0
JUNIN,CHANCHAMAYO,SAN LUIS DE SHUARO,4,0,0,0,0
JUNIN,CHANCHAMAYO,SAN RAMON,8,6,6,0,0
JUNIN,CHANCHAMAYO,VITOC,3,1,1,0,0
JUNIN,CHUPACA,AHUAC,3,0,0,0,0
JUNIN,CHUPACA,CHONGOS BAJO,2,0,0,0,0
JUNIN,CHUPACA,CHUPACA,3,0,0,0,0
JUNIN,CHUPACA,HUACHAC,4,0,0,0,0
JUNIN,CHUPACA,HUAMANCACA CHICO,2,0,0,0,0
JUNIN,CHUPACA,SAN JUAN DE JARPA,2,0,0,0,0
JUNIN,CHUPACA,SAN JUAN DE YSCOS,3,0,0,0,0
JUNIN,CHUPACA,TRES DE DICIEMBRE,1,0,0,0,0
JUNIN,CHUPACA,YANACANCHA,2,0,0,0,0
JUNIN,CONCEPCION,ACO,3,0,0,0,0
JUNIN,CONCEPCION,ANDAMARCA,4,0,0,0,0
JUNIN,CONCEPCION,CHAMBARA,4,0,0,0,0
JUNIN,CONCEPCION,COCHAS,4,0,0,0,0
JUNIN,CONCEPCION,COMAS,7,0,0,0,0
JUNIN,CONCEPCION,CONCEPCION,4,1,1,0,0
JUNIN,CONCEPCION,HEROINAS TOLEDO,1,0,0,0,0
JUNIN,CONCEPCION,MANZANARES,1,0,0,0,0
JUNIN,CONCEPCION,MARISCAL CASTILLA,1,0,0,0,0
JUNIN,CONCEPCION,MATAHUASI,3,0,0,0,0
JUNIN,CONCEPCION,MITO,3,0,0,0,0
JUNIN,CONCEPCION,NUEVE DE JULIO,1,0,0,0,0
JUNIN,CONCEPCION,ORCOTUNA,2,0,0,0,0
JUNIN,CONCEPCION,SAN JOSE DE QUERO,6,0,0,0,0
JUNIN,CONCEPCION,SANTA ROSA DE OCOPA,2,0,0,0,0
JUNIN,HUANCAYO,CARHUACALLANGA,1,0,0,0,0
JUNIN,HUANCAYO,CHACAPAMPA,3,1,1,0,0
JUNIN,HUANCAYO,CHICCHE,3,0,0,0,0
JUNIN,HUANCAYO,CHONGOS ALTO,1,0,0,0,0
JUNIN,HUANCAYO,CHUPURO,3,0,0,0,0
JUNIN,HUANCAYO,COLCA,2,0,0,0,0
JUNIN,HUANCAYO,CULLHUAS,4,0,0,0,0
JUNIN,HUANCAYO,HUACRAPUQUIO,1,0,0,0,0
JUNIN,HUANCAYO,HUALHUAS,1,0,0,0,0
JUNIN,HUANCAYO,HUANCAN,2,0,0,0,0
JUNIN,HUANCAYO,HUASICANCHA,1,0,0,0,0
JUNIN,HUANCAYO,HUAYUCACHI,3,0,0,0,0
JUNIN,HUANCAYO,INGENIO,2,0,0,0,0
JUNIN,HUANCAYO,PARIAHUANCA,10,0,0,0,0
JUNIN,HUANCAYO,PILCOMAYO,2,0,0,0,0
JUNIN,HUANCAYO,PUCARA,5,0,0,0,0
JUNIN,HUANCAYO,QUICHUAY,1,0,0,0,0
JUNIN,HUANCAYO,QUILCAS,2,0,0,0,0
JUNIN,HUANCAYO,SAN AGUSTIN,2,0,0,0,0
JUNIN,HUANCAYO,SAN JERONIMO DE TUNAN,1,0,0,0,0
JUNIN,HUANCAYO,SAÑO,1,0,0,0,0
JUNIN,HUANCAYO,SAPALLANGA,7,0,0,0,0
JUNIN,HUANCAYO,SICAYA,1,0,0,0,0
JUNIN,HUANCAYO,VIQUES,1,0,0,0,0
JUNIN,JAUJA,ACOLLA,7,0,0,0,0
JUNIN,JAUJA,APATA,5,0,0,0,0
JUNIN,JAUJA,ATAURA,1,0,0,0,0
JUNIN,JAUJA,CANCHAYLLO,2,0,0,0,0
JUNIN,JAUJA,CURICACA,1,0,0,0,0
JUNIN,JAUJA,EL MANTARO,1,0,0,0,0
JUNIN,JAUJA,HUAMALI,1,0,0,0,0
JUNIN,JAUJA,HUARIPAMPA,1,0,0,0,0
JUNIN,JAUJA,HUERTAS,1,0,0,0,0
JUNIN,JAUJA,JANJAILLO,1,0,0,0,0
JUNIN,JAUJA,JAUJA,10,3,3,0,0
JUNIN,JAUJA,JULCAN,1,0,0,0,0
JUNIN,JAUJA,LEONOR ORDOÑEZ,1,0,0,0,0
JUNIN,JAUJA,LLOCLLAPAMPA,2,0,0,0,0
JUNIN,JAUJA,MARCO,1,0,0,0,0
JUNIN,JAUJA,MASMA,2,0,0,0,0
JUNIN,JAUJA,MASMA CHICCHE,1,0,0,0,0
JUNIN,JAUJA,MOLINOS,3,0,0,0,0
JUNIN,JAUJA,MONOBAMBA,3,0,0,0,0
JUNIN,JAUJA,MUQUI,1,0,0,0,0
JUNIN,JAUJA,MUQUIYAUYO,1,1,1,0,0
JUNIN,JAUJA,PACA,2,0,0,0,0
JUNIN,JAUJA,PACCHA,4,0,0,0,0
JUNIN,JAUJA,PANCAN,2,0,0,0,0
JUNIN,JAUJA,PARCO,2,0,0,0,0
JUNIN,JAUJA,POMACANCHA,3,0,0,0,0
JUNIN,JAUJA,RICRAN,2,0,0,0,0
JUNIN,JAUJA,SAN LORENZO,1,0,0,0,0
JUNIN,JAUJA,SAN PEDRO DE CHUNAN,1,0,0,0,0
JUNIN,JAUJA,SAUSA,1,0,0,0,0
JUNIN,JAUJA,SINCOS,5,0,0,0,0
JUNIN,JAUJA,TUNAN MARCA,1,0,0,0,0
JUNIN,JAUJA,YAULI,1,0,0,0,0
JUNIN,JAUJA,YAUYOS,3,0,0,0,0
JUNIN,JUNIN,CARHUAMAYO,2,0,0,0,0
JUNIN,JUNIN,JUNIN,4,0,0,0,0
JUNIN,JUNIN,ONDORES,3,0,0,0,0
JUNIN,JUNIN,ULCUMAYO,14,0,0,0,0
JUNIN,SATIPO,COVIRIALI,6,0,0,0,0
JUNIN,SATIPO,LLAYLLA,3,0,0,0,0
JUNIN,SATIPO,PAMPA HERMOSA,6,0,0,0,0
JUNIN,SATIPO,PANGOA,38,2,2,0,0
JUNIN,SATIPO,RIO NEGRO,17,0,0,0,0
JUNIN,SATIPO,SATIPO,19,5,5,0,0
JUNIN,SATIPO,VIZCATAN DEL ENE,5,0,0,0,0
JUNIN,TARMA,ACOBAMBA,6,0,0,0,0
JUNIN,TARMA,HUARICOLCA,3,0,0,0,0
JUNIN,TARMA,HUASAHUASI,7,0,0,0,0
JUNIN,TARMA,LA UNION,5,0,0,0,0
JUNIN,TARMA,PALCA,8,0,0,0,0
JUNIN,TARMA,PALCAMAYO,7,0,0,0,0
JUNIN,TARMA,SAN PEDRO DE CAJAS,7,0,0,0,0
JUNIN,TARMA,TAPO,6,0,0,0,0
JUNIN,TARMA,TARMA,19,6,6,0,0
JUNIN,YAULI,CHACAPALPA,1,0,0,0,0
JUNIN,YAULI,HUAY HUAY,3,0,0,0,0
JUNIN,YAULI,LA OROYA,4,2,2,0,0
JUNIN,YAULI,MARCAPOMACOCHA,3,0,0,0,0
JUNIN,YAULI,MOROCOCHA,7,1,1,0,0
JUNIN,YAULI,PACCHA,1,0,0,0,0
JUNIN,YAULI,SANTA BARBARA DE CARHUACAYAN,2,1,1,0,0
JUNIN,YAULI,SANTA ROSA DE SACCO,5,0,0,0,0
JUNIN,YAULI,SUITUCANCHA,1,0,0,0,0
JUNIN,YAULI,YAULI,5,1,1,0,0
LA LIBERTAD,ASCOPE,ASCOPE,3,0,0,0,0
LA LIBERTAD,ASCOPE,CASA GRANDE,4,0,0,0,0
LA LIBERTAD,ASCOPE,CHICAMA,4,0,0,0,0
LA LIBERTAD,ASCOPE,CHOCOPE,6,0,0,0,0
LA LIBERTAD,ASCOPE,MAGDALENA DE CAO,1,0,0,0,0
LA LIBERTAD,ASCOPE,PAIJAN,3,0,0,0,0
LA LIBERTAD,ASCOPE,RAZURI,2,0,0,0,0
LA LIBERTAD,ASCOPE,SANTIAGO DE CAO,4,0,0,0,0
LA LIBERTAD,BOLIVAR,BAMBAMARCA,2,0,0,0,0
LA LIBERTAD,BOLIVAR,BOLIVAR,2,0,0,0,0
LA LIBERTAD,BOLIVAR,CONDORMARCA,1,0,0,0,0
LA LIBERTAD,BOLIVAR,LONGOTEA,2,0,0,0,0
LA LIBERTAD,BOLIVAR,UCHUMARCA,1,0,0,0,0
LA LIBERTAD,BOLIVAR,UCUNCHA,1,0,0,0,0
LA LIBERTAD,CHEPEN,CHEPEN,6,0,0,0,0
LA LIBERTAD,CHEPEN,PACANGA,2,0,0,0,0
LA LIBERTAD,CHEPEN,PUEBLO NUEVO,4,0,0,0,0
LA LIBERTAD,GRAN CHIMU,CASCAS,5,0,0,0,0
LA LIBERTAD,GRAN CHIMU,LUCMA,5,0,0,0,0
LA LIBERTAD,GRAN CHIMU,MARMOT,3,0,0,0,0
LA LIBERTAD,GRAN CHIMU,SAYAPULLO,4,0,0,0,0
LA LIBERTAD,JULCAN,CALAMARCA,5,0,0,0,0
LA LIBERTAD,JULCAN,CARABAMBA,3,0,0,0,0
LA LIBERTAD,JULCAN,HUASO,7,0,0,0,0
LA LIBERTAD,JULCAN,JULCAN,7,0,0,0,0
LA LIBERTAD,OTUZCO,AGALLPAMPA,10,1,1,0,0
LA LIBERTAD,OTUZCO,CHARAT,4,0,0,0,0
LA LIBERTAD,OTUZCO,HUARANCHAL,2,0,0,0,0
LA LIBERTAD,OTUZCO,LA CUESTA,1,0,0,0,0
LA LIBERTAD,OTUZCO,MACHE,3,0,0,0,0
LA LIBERTAD,OTUZCO,PARANDAY,1,0,0,0,0
LA LIBERTAD,OTUZCO,SALPO,4,0,0,0,0
LA LIBERTAD,OTUZCO,SINSICAP,3,0,0,0,0
LA LIBERTAD,OTUZCO,USQUIL,11,0,0,0,0
LA LIBERTAD,PACASMAYO,GUADALUPE,7,0,0,0,0
LA LIBERTAD,PACASMAYO,JEQUETEPEQUE,2,0,0,0,0
LA LIBERTAD,PACASMAYO,PACASMAYO,5,0,0,0,0
LA LIBERTAD,PACASMAYO,SAN JOSE,3,0,0,0,0
LA LIBERTAD,PACASMAYO,SAN PEDRO DE LLOC,3,0,0,0,0
LA LIBERTAD,PATAZ,BULDIBUYO,4,0,0,0,0
LA LIBERTAD,PATAZ,CHILLIA,5,0,0,0,0
LA LIBERTAD,PATAZ,HUANCASPATA,3,0,0,0,0
LA LIBERTAD,PATAZ,HUAYLILLAS,1,0,0,0,0
LA LIBERTAD,PATAZ,HUAYO,3,0,0,0,0
LA LIBERTAD,PATAZ,ONGON,2,0,0,0,0
LA LIBERTAD,PATAZ,PARCOY,6,1,1,0,0
LA LIBERTAD,PATAZ,PIAS,1,0,0,0,0
LA LIBERTAD,PATAZ,SANTIAGO DE CHALLAS,2,0,0,0,0
LA LIBERTAD,PATAZ,TAURIJA,1,0,0,0,0
LA LIBERTAD,PATAZ,TAYABAMBA,4,0,0,0,0
LA LIBERTAD,PATAZ,URPAY,2,0,0,0,0
LA LIBERTAD,SANCHEZ CARRION,CHUGAY,8,0,0,0,0
LA LIBERTAD,SANCHEZ CARRION,COCHORCO,5,0,0,0,0
LA LIBERTAD,SANCHEZ CARRION,CURGOS,3,0,0,0,0
LA LIBERTAD,SANCHEZ CARRION,HUAMACHUCO,18,2,2,0,0
LA LIBERTAD,SANCHEZ CARRION,MARCABAL,6,0,0,0,0
LA LIBERTAD,SANCHEZ CARRION,SANAGORAN,4,0,0,0,0
LA LIBERTAD,SANCHEZ CARRION,SARIN,5,0,0,0,0
LA LIBERTAD,SANCHEZ CARRION,SARTIMBAMBA,4,0,0,0,0
LA LIBERTAD,SANTIAGO DE CHUCO,ANGASMARCA,1,1,1,0,0
LA LIBERTAD,SANTIAGO DE CHUCO,CACHICADAN,1,0,0,0,0
LA LIBERTAD,SANTIAGO DE CHUCO,MOLLEBAMBA,2,0,0,0,0
LA LIBERTAD,SANTIAGO DE CHUCO,MOLLEPATA,2,0,0,0,0
LA LIBERTAD,SANTIAGO DE CHUCO,QUIRUVILCA,8,0,0,0,0
LA LIBERTAD,SANTIAGO DE CHUCO,SANTA CRUZ DE CHUCA,3,0,0,0,0
LA LIBERTAD,SANTIAGO DE CHUCO,SITABAMBA,4,0,0,0,0
LA LIBERTAD,TRUJILLO,EL PORVENIR,18,5,5,0,0
LA LIBERTAD,TRUJILLO,FLORENCIA DE MORA,7,1,1,0,0
LA LIBERTAD,TRUJILLO,HUANCHACO,10,1,1,0,0
LA LIBERTAD,TRUJILLO,LAREDO,4,0,0,0,0
LA LIBERTAD,TRUJILLO,MOCHE,8,0,0,0,0
LA LIBERTAD,TRUJILLO,POROTO,1,0,0,0,0
LA LIBERTAD,TRUJILLO,SALAVERRY,3,1,1,0,0
LA LIBERTAD,TRUJILLO,SIMBAL,1,0,0,0,0
LA LIBERTAD,VIRU,GUADALUPITO,1,0,0,0,0
LA LIBERTAD,VIRU,VIRU,13,2,2,0,0
LAMBAYEQUE,CHICLAYO,CAYALTI,3,0,0,0,0
LAMBAYEQUE,CHICLAYO,CHONGOYAPE,5,0,0,0,0
LAMBAYEQUE,CHICLAYO,ETEN,2,1,1,0,0
LAMBAYEQUE,CHICLAYO,ETEN PUERTO,1,0,0,0,0
LAMBAYEQUE,CHICLAYO,JOSE LEONARDO ORTIZ,12,6,6,0,0
LAMBAYEQUE,CHICLAYO,LAGUNAS,6,0,0,0,0
LAMBAYEQUE,CHICLAYO,MONSEFU,7,3,3,0,0
LAMBAYEQUE,CHICLAYO,NUEVA ARICA,2,0,0,0,0
LAMBAYEQUE,CHICLAYO,OYOTUN,5,0,0,0,0
LAMBAYEQUE,CHICLAYO,PATAPO,4,3,3,0,0
LAMBAYEQUE,CHICLAYO,PICSI,2,1,1,0,0
LAMBAYEQUE,CHICLAYO,PIMENTEL,4,5,5,0,0
LAMBAYEQUE,CHICLAYO,POMALCA,3,2,2,0,0
LAMBAYEQUE,CHICLAYO,PUCALA,1,1,1,0,0
LAMBAYEQUE,CHICLAYO,REQUE,4,0,0,0,0
LAMBAYEQUE,CHICLAYO,SANTA ROSA,1,0,0,0,0
LAMBAYEQUE,CHICLAYO,SAÑA,5,0,0,0,0
LAMBAYEQUE,CHICLAYO,TUMAN,2,1,1,0,0
LAMBAYEQUE,FERREÑAFE,CAÑARIS,10,0,0,0,0
LAMBAYEQUE,FERREÑAFE,INCAHUASI,9,3,3,0,0
LAMBAYEQUE,FERREÑAFE,MANUEL ANTONIO MESONES MURO,1,0,0,0,0
LAMBAYEQUE,FERREÑAFE,PITIPO,9,1,1,0,0
LAMBAYEQUE,FERREÑAFE,PUEBLO NUEVO,3,2,2,0,0
LAMBAYEQUE,LAMBAYEQUE,CHOCHOPE,1,0,0,0,0
LAMBAYEQUE,LAMBAYEQUE,ILLIMO,4,0,0,0,0
LAMBAYEQUE,LAMBAYEQUE,JAYANCA,3,0,0,0,0
LAMBAYEQUE,LAMBAYEQUE,MORROPE,21,0,0,0,0
LAMBAYEQUE,LAMBAYEQUE,MOTUPE,6,0,0,0,0
LAMBAYEQUE,LAMBAYEQUE,OLMOS,21,0,0,0,0
LAMBAYEQUE,LAMBAYEQUE,PACORA,2,0,0,0,0
LAMBAYEQUE,LAMBAYEQUE,SALAS,10,0,0,0,0
LAMBAYEQUE,LAMBAYEQUE,SAN JOSE,4,0,0,0,0
LAMBAYEQUE,LAMBAYEQUE,TUCUME,6,1,1,0,0
LIMA,BARRANCA,PARAMONGA,9,1,1,0,0
LIMA,BARRANCA,SUPE,9,1,1,0,0
LIMA,BARRANCA,SUPE PUERTO,3,0,0,0,0
LIMA,CAJATAMBO,CAJATAMBO,2,0,0,0,0
LIMA,CAJATAMBO,COPA,2,0,0,0,0
LIMA,CAJATAMBO,GORGOR,1,0,0,0,0
LIMA,CAJATAMBO,HUANCAPON,1,0,0,0,0
LIMA,CAJATAMBO,MANAS,2,0,0,0,0
LIMA,CANTA,ARAHUAY,2,0,0,0,0
LIMA,CANTA,CANTA,3,0,0,0,0
LIMA,CANTA,HUAMANTANGA,3,0,0,0,0
LIMA,CANTA,HUAROS,2,0,0,0,0
LIMA,CANTA,LACHAQUI,2,0,0,0,0
LIMA,CANTA,SANTA ROSA DE QUIVES,3,0,0,0,0
LIMA,CAÑETE,CALANGO,1,0,0,0,0
LIMA,CAÑETE,CHILCA,8,2,2,0,0
LIMA,CAÑETE,COAYLLO,1,0,0,0,0
LIMA,CAÑETE,IMPERIAL,9,1,1,0,0
LIMA,CAÑETE,LUNAHUANA,1,0,0,0,0
LIMA,CAÑETE,MALA,10,4,4,0,0
LIMA,CAÑETE,NUEVO IMPERIAL,8,0,0,0,0
LIMA,CAÑETE,PACARAN,1,0,0,0,0
LIMA,CAÑETE,QUILMANA,3,0,0,0,0
LIMA,CAÑETE,SAN ANTONIO,1,0,0,0,0
LIMA,CAÑETE,SAN LUIS,5,0,0,0,0
LIMA,CAÑETE,SANTA CRUZ DE FLORES,1,0,0,0,0
LIMA,CAÑETE,ZUÑIGA,1,1,1,0,0
LIMA,HUARAL,ATAVILLOS ALTO,5,0,0,0,0
LIMA,HUARAL,ATAVILLOS BAJO,4,0,0,0,0
LIMA,HUARAL,CHANCAY,17,8,8,0,0
LIMA,HUARAL,IHUARI,6,0,0,0,0
LIMA,HUARAL,LAMPIAN,2,0,0,0,0
LIMA,HUARAL,PACARAOS,4,0,0,0,0
LIMA,HUARAL,SAN MIGUEL DE ACOS,2,0,0,0,0
LIMA,HUARAL,SANTA CRUZ DE ANDAMARCA,3,0,0,0,0
LIMA,HUARAL,SUMBILCA,4,0,0,0,0
LIMA,HUARAL,VEINTISIETE DE NOVIEMBRE,2,0,0,0,0
LIMA,HUAROCHIRI,ANTIOQUIA,2,0,0,0,0
LIMA,HUAROCHIRI,CALLAHUANCA,1,0,0,0,0
LIMA,HUAROCHIRI,CARAMPOMA,1,0,0,0,0
LIMA,HUAROCHIRI,CASTA,3,0,0,0,0
LIMA,HUAROCHIRI,CHICLA,4,1,1,0,0
LIMA,HUAROCHIRI,HUACHUPAMPA,2,0,0,0,0
LIMA,HUAROCHIRI,HUANZA,3,0,0,0,0
LIMA,HUAROCHIRI,HUAROCHIRI,2,0,0,0,0
LIMA,HUAROCHIRI,LAHUAYTAMBO,2,0,0,0,0
LIMA,HUAROCHIRI,LANGA,2,0,0,0,0
LIMA,HUAROCHIRI,LARAOS,1,0,0,0,0
LIMA,HUAROCHIRI,MARIATANA,3,0,0,0,0
LIMA,HUAROCHIRI,MATUCANA,1,0,0,0,0
LIMA,HUAROCHIRI,RICARDO PALMA,1,0,0,0,0
LIMA,HUAROCHIRI,SAN ANDRES DE TUPICOCHA,1,0,0,0,0
LIMA,HUAROCHIRI,SAN ANTONIO,9,0,0,0,0
LIMA,HUAROCHIRI,SAN BARTOLOME,2,0,0,0,0
LIMA,HUAROCHIRI,SAN DAMIAN,2,0,0,0,0
LIMA,HUAROCHIRI,SAN JOSE DE LOS CHORRILLOS,3,0,0,0,0
LIMA,HUAROCHIRI,SAN JUAN DE IRIS,1,0,0,0,0
LIMA,HUAROCHIRI,SAN JUAN DE TANTARANCHE,2,0,0,0,0
LIMA,HUAROCHIRI,SAN LORENZO DE QUINTI,2,0,0,0,0
LIMA,HUAROCHIRI,SAN MATEO,6,1,1,0,0
LIMA,HUAROCHIRI,SAN MATEO DE OTAO,4,0,0,0,0
LIMA,HUAROCHIRI,SAN PEDRO DE HUANCAYRE,1,0,0,0,0
LIMA,HUAROCHIRI,SANGALLAYA,4,0,0,0,0
LIMA,HUAROCHIRI,SANTA CRUZ DE COCACHACRA,2,0,0,0,0
LIMA,HUAROCHIRI,SANTA EULALIA,3,0,0,0,0
LIMA,HUAROCHIRI,SANTIAGO DE ANCHUCAYA,1,0,0,0,0
LIMA,HUAROCHIRI,SANTIAGO DE TUNA,1,0,0,0,0
LIMA,HUAROCHIRI,SURCO,1,0,0,0,0
LIMA,HUAURA,AMBAR,2,0,0,0,0
LIMA,HUAURA,CHECRAS,1,0,0,0,0
LIMA,HUAURA,HUALMAY,9,5,5,0,0
LIMA,HUAURA,HUAURA,17,4,4,0,0
LIMA,HUAURA,LEONCIO PRADO,4,0,0,0,0
LIMA,HUAURA,PACCHO,4,0,0,0,0
LIMA,HUAURA,SANTA LEONOR,3,0,0,0,0
LIMA,HUAURA,SAYAN,9,1,1,0,0
LIMA,HUAURA,VEGUETA,2,2,2,0,0
LIMA,LIMA,ANCON,12,2,2,0,0
LIMA,LIMA,PUCUSANA,2,1,1,0,0
LIMA,LIMA,PUNTA HERMOSA,4,1,1,0,0
LIMA,LIMA,PUNTA NEGRA,1,2,2,0,0
LIMA,LIMA,SAN BARTOLO,2,1,1,0,0
LIMA,OYON,ANDAJES,1,0,0,0,0
LIMA,OYON,CAUJUL,1,0,0,0,0
LIMA,OYON,COCHAMARCA,3,0,0,0,0
LIMA,OYON,NAVAN,1,0,0,0,0
LIMA,OYON,OYON,9,3,3,0,0
LIMA,OYON,PACHANGARA,4,0,0,0,0
LIMA,YAUYOS,ALIS,1,0,0,0,0
LIMA,YAUYOS,ALLAUCA,2,0,0,0,0
LIMA,YAUYOS,AYAVIRI,1,0,0,0,0
LIMA,YAUYOS,AZANGARO,1,0,0,0,0
LIMA,YAUYOS,CACRA,2,0,0,0,0
LIMA,YAUYOS,CARANIA,1,0,0,0,0
LIMA,YAUYOS,CATAHUASI,1,0,0,0,0
LIMA,YAUYOS,CHOCOS,1,0,0,0,0
LIMA,YAUYOS,COCHAS,1,0,0,0,0
LIMA,YAUYOS,COLONIA,1,0,0,0,0
LIMA,YAUYOS,HONGOS,1,0,0,0,0
LIMA,YAUYOS,HUAMPARA,1,0,0,0,0
LIMA,YAUYOS,HUANCAYA,1,0,0,0,0
LIMA,YAUYOS,HUANGASCAR,1,0,0,0,0
LIMA,YAUYOS,HUANTAN,1,0,0,0,0
LIMA,YAUYOS,HUAÑEC,1,0,0,0,0
LIMA,YAUYOS,LARAOS,1,0,0,0,0
LIMA,YAUYOS,LINCHA,1,0,0,0,0
LIMA,YAUYOS,MADEAN,1,0,0,0,0
LIMA,YAUYOS,MIRAFLORES,1,0,0,0,0
LIMA,YAUYOS,OMAS,1,0,0,0,0
LIMA,YAUYOS,PUTINZA,1,0,0,0,0
LIMA,YAUYOS,QUINCHES,1,0,0,0,0
LIMA,YAUYOS,QUINOCAY,2,0,0,0,0
LIMA,YAUYOS,SAN PEDRO DE PILAS,1,0,0,0,0
LIMA,YAUYOS,TANTA,1,0,0,0,0
LIMA,YAUYOS,TAURIPAMPA,1,0,0,0,0
LIMA,YAUYOS,TOMAS,2,0,0,0,0
LIMA,YAUYOS,TUPE,1,0,0,0,0
LIMA,YAUYOS,VIÑAC,2,0,0,0,0
LIMA,YAUYOS,VITIS,1,0,0,0,0
LIMA,YAUYOS,YAUYOS,2,0,0,0,0
LORETO,ALTO AMAZONAS,BALSAPUERTO,18,0,0,0,0
LORETO,ALTO AMAZONAS,JEBEROS,7,0,0,0,0
LORETO,ALTO AMAZONAS,LAGUNAS,12,0,0,0,0
LORETO,ALTO AMAZONAS,SANTA CRUZ,8,0,0,0,0
LORETO,ALTO AMAZONAS,TENIENTE CESAR LOPEZ ROJAS,9,0,0,0,0
LORETO,ALTO AMAZONAS,YURIMAGUAS,58,3,3,0,0
LORETO,DATEM DEL MARAÑON,ANDOAS,9,1,1,0,0
LORETO,DATEM DEL MARAÑON,BARRANCA,9,1,1,0,0
LORETO,DATEM DEL MARAÑON,CAHUAPANAS,7,0,0,0,0
LORETO,DATEM DEL MARAÑON,MANSERICHE,13,0,0,0,0
LORETO,DATEM DEL MARAÑON,MORONA,10,1,1,0,0
LORETO,DATEM DEL MARAÑON,PASTAZA,12,0,0,0,0
LORETO,LORETO,NAUTA,14,2,2,0,0
LORETO,LORETO,PARINARI,5,0,0,0,0
LORETO,LORETO,TIGRE,10,0,0,0,0
LORETO,LORETO,URARINAS,10,0,0,0,0
LORETO,MARISCAL RAMON CASTILLA,PEBAS,7,2,2,0,0
LORETO,MARISCAL RAMON CASTILLA,SAN PABLO,5,0,0,0,0
LORETO,MARISCAL RAMON CASTILLA,YAVARI,5,3,3,0,0
LORETO,MAYNAS,ALTO NANAY,4,0,0,0,0
LORETO,MAYNAS,BELEN,26,3,3,0,0
LORETO,MAYNAS,FERNANDO LORES,13,0,0,0,0
LORETO,MAYNAS,INDIANA,7,0,0,0,0
LORETO,MAYNAS,IQUITOS,89,45,45,0,0
LORETO,MAYNAS,LAS AMAZONAS,4,0,0,0,0
LORETO,MAYNAS,MAZAN,8,0,0,0,0
LORETO,MAYNAS,NAPO,10,1,1,0,0
LORETO,MAYNAS,PUNCHANA,52,11,11,0,0
LORETO,MAYNAS,SAN JUAN BAUTISTA,35,2,2,0,0
LORETO,MAYNAS,TORRES CAUSANA,5,0,0,0,0
LORETO,PUTUMAYO,PUTUMAYO,6,4,4,0,0
LORETO,PUTUMAYO,ROSA PANDURO,2,0,0,0,0
LORETO,PUTUMAYO,YAGUAS,4,0,0,0,0
LORETO,REQUENA,ALTO TAPICHE,3,0,0,0,0
LORETO,REQUENA,CAPELO,2,0,0,0,0
LORETO,REQUENA,EMILIO SAN MARTIN,3,0,0,0,0
LORETO,REQUENA,JENARO HERRERA,1,0,0,0,0
LORETO,REQUENA,MAQUIA,10,0,0,0,0
LORETO,REQUENA,PUINAHUA,4,0,0,0,0
LORETO,REQUENA,REQUENA,6,0,0,0,0
LORETO,REQUENA,SAQUENA,4,0,0,0,0
LORETO,REQUENA,SOPLIN,2,0,0,0,0
LORETO,REQUENA,TAPICHE,2,0,0,0,0
LORETO,REQUENA,YAQUERANA,3,0,0,0,0
LORETO,UCAYALI,CONTAMANA,15,3,3,0,0
LORETO,UCAYALI,INAHUAYA,2,0,0,0,0
LORETO,UCAYALI,PADRE MARQUEZ,7,0,0,0,0
LORETO,UCAYALI,PAMPA HERMOSA,4,0,0,0,0
LORETO,UCAYALI,SARAYACU,14,0,0,0,0
LORETO,UCAYALI,VARGAS GUERRA,1,1,1,0,0
MADRE DE DIOS,MANU,FITZCARRALD,4,0,0,0,0
MADRE DE DIOS,MANU,HUEPETUHE,5,0,0,0,0
MADRE DE DIOS,MANU,MADRE DE DIOS,9,0,0,0,0
MADRE DE DIOS,MANU,MANU,8,0,0,0,0
MADRE DE DIOS,TAHUAMANU,IBERIA,7,0,0,0,0
MADRE DE DIOS,TAHUAMANU,IÑAPARI,4,0,0,0,0
MADRE DE DIOS,TAHUAMANU,TAHUAMANU,7,0,0,0,0
MADRE DE DIOS,TAMBOPATA,INAMBARI,14,0,0,0,0
MADRE DE DIOS,TAMBOPATA,LABERINTO,7,0,0,0,0
MADRE DE DIOS,TAMBOPATA,LAS PIEDRAS,9,0,0,0,0
MOQUEGUA,GENERAL SANCHEZ CERRO,CHOJATA,2,0,0,0,0
MOQUEGUA,GENERAL SANCHEZ CERRO,COALAQUE,2,0,0,0,0
MOQUEGUA,GENERAL SANCHEZ CERRO,ICHUÑA,4,0,0,0,0
MOQUEGUA,GENERAL SANCHEZ CERRO,LA CAPILLA,2,0,0,0,0
MOQUEGUA,GENERAL SANCHEZ CERRO,LLOQUE,1,0,0,0,0
MOQUEGUA,GENERAL SANCHEZ CERRO,MATALAQUE,2,0,0,0,0
MOQUEGUA,GENERAL SANCHEZ CERRO,OMATE,4,0,0,0,0
MOQUEGUA,GENERAL SANCHEZ CERRO,PUQUINA,4,0,0,0,0
MOQUEGUA,GENERAL SANCHEZ CERRO,QUINISTAQUILLAS,1,0,0,0,0
MOQUEGUA,GENERAL SANCHEZ CERRO,UBINAS,5,0,0,0,0
MOQUEGUA,GENERAL SANCHEZ CERRO,YUNGA,1,0,0,0,0
MOQUEGUA,ILO,EL ALGARROBAL,1,0,0,0,0
MOQUEGUA,ILO,ILO,24,3,3,0,0
MOQUEGUA,ILO,PACOCHA,2,0,0,0,0
MOQUEGUA,MARISCAL NIETO,CARUMAS,4,0,0,0,0
MOQUEGUA,MARISCAL NIETO,CUCHUMBAYA,3,0,0,0,0
MOQUEGUA,MARISCAL NIETO,SAMEGUA,5,0,0,0,0
MOQUEGUA,MARISCAL NIETO,SAN CRISTOBAL,4,0,0,0,0
MOQUEGUA,MARISCAL NIETO,TORATA,6,0,0,0,0
PASCO,DANIEL ALCIDES CARRION,CHACAYAN,5,0,0,0,0
PASCO,DANIEL ALCIDES CARRION,GOYLLARISQUIZGA,1,0,0,0,0
PASCO,DANIEL ALCIDES CARRION,PAUCAR,5,0,0,0,0
PASCO,DANIEL ALCIDES CARRION,SAN PEDRO DE PILLAO,2,0,0,0,0
PASCO,DANIEL ALCIDES CARRION,SANTA ANA DE TUSI,16,0,0,0,0
PASCO,DANIEL ALCIDES CARRION,TAPUC,3,0,0,0,0
PASCO,DANIEL ALCIDES CARRION,VILCABAMBA,4,0,0,0,0
PASCO,DANIEL ALCIDES CARRION,YANAHUANCA,26,0,0,0,0
PASCO,OXAPAMPA,CHONTABAMBA,6,0,0,0,0
PASCO,OXAPAMPA,CONSTITUCION,14,0,0,0,0
PASCO,OXAPAMPA,HUANCABAMBA,8,0,0,0,0
PASCO,OXAPAMPA,OXAPAMPA,16,0,0,0,0
PASCO,OXAPAMPA,PALCAZU,27,0,0,0,0
PASCO,OXAPAMPA,POZUZO,14,0,0,0,0
PASCO,OXAPAMPA,PUERTO BERMUDEZ,23,0,0,0,0
PASCO,OXAPAMPA,VILLA RICA,19,1,1,0,0
PASCO,PASCO,CHAUPIMARCA,14,0,0,0,0
PASCO,PASCO,HUACHON,4,0,0,0,0
PASCO,PASCO,HUARIACA,4,0,0,0,0
PASCO,PASCO,HUAYLLAY,10,1,1,0,0
PASCO,PASCO,NINACACA,5,0,0,0,0
PASCO,PASCO,PALLANCHACRA,6,1,1,0,0
PASCO,PASCO,PAUCARTAMBO,10,0,0,0,0
PASCO,PASCO,SAN FCO DE ASIS DE YARUSYACAN,12,1,1,0,0
PASCO,PASCO,SIMON BOLIVAR,12,0,0,0,0
PASCO,PASCO,TICLACAYAN,7,0,0,0,0
PASCO,PASCO,TINYAHUARCO,6,1,1,0,0
PASCO,PASCO,VICCO,4,0,0,0,0
PASCO,PASCO,YANACANCHA,32,4,4,0,0
PIURA,AYABACA,AYABACA,31,0,0,0,0
PIURA,AYABACA,FRIAS,9,0,0,0,0
PIURA,AYABACA,JILILI,3,0,0,0,0
PIURA,AYABACA,LAGUNAS,5,0,0,0,0
PIURA,AYABACA,MONTERO,4,0,0,0,0
PIURA,AYABACA,PACAIPAMPA,8,0,0,0,0
PIURA,AYABACA,PAIMAS,4,0,0,0,0
PIURA,AYABACA,SAPILLICA,4,0,0,0,0
PIURA,AYABACA,SICCHEZ,3,0,0,0,0
PIURA,AYABACA,SUYO,11,1,1,0,0
PIURA,HUANCABAMBA,CANCHAQUE,7,0,0,0,0
PIURA,HUANCABAMBA,EL CARMEN DE LA FRONTERA,9,0,0,0,0
PIURA,HUANCABAMBA,HUANCABAMBA,11,0,0,0,0
PIURA,HUANCABAMBA,HUARMACA,22,0,0,0,0
PIURA,HUANCABAMBA,LALAQUIZ,5,0,0,0,0
PIURA,HUANCABAMBA,SAN MIGUEL DE EL FAIQUE,9,0,0,0,0
PIURA,HUANCABAMBA,SONDOR,4,0,0,0,0
PIURA,HUANCABAMBA,SONDORILLO,6,0,0,0,0
PIURA,MORROPON,BUENOS AIRES,5,0,0,0,0
PIURA,MORROPON,CHALACO,7,1,1,0,0
PIURA,MORROPON,CHULUCANAS,21,3,3,0,0
PIURA,MORROPON,LA MATANZA,6,1,1,0,0
PIURA,MORROPON,MORROPON,6,1,1,0,0
PIURA,MORROPON,SALITRAL,5,0,0,0,0
PIURA,MORROPON,SAN JUAN DE BIGOTE,3,0,0,0,0
PIURA,MORROPON,SANTA CATALINA DE MOSSA,5,0,0,0,0
PIURA,MORROPON,SANTO DOMINGO,5,0,0,0,0
PIURA,MORROPON,YAMANGO,7,0,0,0,0
PIURA,PAITA,AMOTAPE,2,0,0,0,0
PIURA,PAITA,ARENAL,1,0,0,0,0
PIURA,PAITA,COLAN,2,0,0,0,0
PIURA,PAITA,LA HUACA,5,1,1,0,0
PIURA,PAITA,TAMARINDO,1,0,0,0,0
PIURA,PAITA,VICHAYAL,3,0,0,0,0
PIURA,PIURA,CATACAOS,17,3,3,0,0
PIURA,PIURA,CURA MORI,4,0,0,0,0
PIURA,PIURA,EL TALLAN,2,0,0,0,0
PIURA,PIURA,LA ARENA,8,0,0,0,0
PIURA,PIURA,LA UNION,6,3,3,0,0
PIURA,PIURA,LAS LOMAS,16,3,3,0,0
PIURA,PIURA,TAMBO GRANDE,31,5,5,0,0
PIURA,PIURA,VEINTISEIS DE OCTUBRE,36,1,1,0,0
PIURA,SECHURA,BELLAVISTA DE LA UNION,2,0,0,0,0
PIURA,SECHURA,BERNAL,3,0,0,0,0
PIURA,SECHURA,CRISTO NOS VALGA,2,0,0,0,0
PIURA,SECHURA,RINCONADA-LLICUAR,1,0,0,0,0
PIURA,SECHURA,SECHURA,16,7,7,0,0
PIURA,SECHURA,VICE,7,0,0,0,0
PIURA,SULLANA,BELLAVISTA,3,2,2,0,0
PIURA,SULLANA,IGNACIO ESCUDERO,6,1,1,0,0
PIURA,SULLANA,LANCONES,16,1,1,0,0
PIURA,SULLANA,MARCAVELICA,10,0,0,0,0
PIURA,SULLANA,MIGUEL CHECA,3,0,0,0,0
PIURA,SULLANA,QUERECOTILLO,9,0,0,0,0
PIURA,SULLANA,SALITRAL,2,0,0,0,0
PIURA,TALARA,EL ALTO,5,2,2,0,0
PIURA,TALARA,LA BREA,5,0,0,0,0
PIURA,TALARA,LOBITOS,1,0,0,0,0
PIURA,TALARA,LOS ORGANOS,4,1,1,0,0
PIURA,TALARA,MANCORA,3,2,2,0,0
PUNO,AZANGARO,ACHAYA,1,0,0,0,0
PUNO,AZANGARO,ARAPA,3,0,0,0,0
PUNO,AZANGARO,ASILLO,4,0,0,0,0
PUNO,AZANGARO,AZANGARO,6,2,2,0,0
PUNO,AZANGARO,CAMINACA,2,0,0,0,0
PUNO,AZANGARO,CHUPA,4,0,0,0,0
PUNO,AZANGARO,JOSE DOMINGO CHOQUEHUANCA,1,0,0,0,0
PUNO,AZANGARO,MUÑANI,2,0,0,0,0
PUNO,AZANGARO,POTONI,2,0,0,0,0
PUNO,AZANGARO,SAMAN,7,0,0,0,0
PUNO,AZANGARO,SAN ANTON,3,0,0,0,0
PUNO,AZANGARO,SAN JOSE,2,0,0,0,0
PUNO,AZANGARO,SAN JUAN DE SALINAS,1,0,0,0,0
PUNO,AZANGARO,SANTIAGO DE PUPUJA,4,0,0,0,0
PUNO,AZANGARO,TIRAPATA,1,0,0,0,0
PUNO,CARABAYA,AJOYANI,1,0,0,0,0
PUNO,CARABAYA,AYAPATA,4,0,0,0,0
PUNO,CARABAYA,COASA,6,0,0,0,0
PUNO,CARABAYA,CORANI,5,0,0,0,0
PUNO,CARABAYA,CRUCERO,3,0,0,0,0
PUNO,CARABAYA,ITUATA,3,1,1,0,0
PUNO,CARABAYA,MACUSANI,5,0,0,0,0
PUNO,CARABAYA,OLLACHEA,5,0,0,0,0
PUNO,CARABAYA,SAN GABAN,6,1,1,0,0
PUNO,CARABAYA,USICAYOS,2,0,0,0,0
PUNO,CHUCUITO,DESAGUADERO,4,0,0,0,0
PUNO,CHUCUITO,HUACULLANI,3,0,0,0,0
PUNO,CHUCUITO,JULI,15,1,1,0,0
PUNO,CHUCUITO,KELLUYO,4,0,0,0,0
PUNO,CHUCUITO,PISACOMA,3,0,0,0,0
PUNO,CHUCUITO,POMATA,11,0,0,0,0
PUNO,CHUCUITO,ZEPITA,12,0,0,0,0
PUNO,EL COLLAO,CAPASO,6,2,2,0,0
PUNO,EL COLLAO,CONDURIRI,2,0,0,0,0
PUNO,EL COLLAO,ILAVE,28,4,4,0,0
PUNO,EL COLLAO,PILCUYO,8,0,0,0,0
PUNO,EL COLLAO,SANTA ROSA,7,0,0,0,0
PUNO,HUANCANE,COJATA,3,0,0,0,0
PUNO,HUANCANE,HUANCANE,13,1,1,0,0
PUNO,HUANCANE,HUATASANI,1,0,0,0,0
PUNO,HUANCANE,INCHUPALLA,2,0,0,0,0
PUNO,HUANCANE,PUSI,1,0,0,0,0
PUNO,HUANCANE,ROSASPATA,5,0,0,0,0
PUNO,HUANCANE,TARACO,5,0,0,0,0
PUNO,HUANCANE,VILQUE CHICO,9,0,0,0,0
PUNO,LAMPA,CABANILLA,3,0,0,0,0
PUNO,LAMPA,CALAPUJA,1,0,0,0,0
PUNO,LAMPA,NICASIO,2,0,0,0,0
PUNO,LAMPA,OCUVIRI,3,0,0,0,0
PUNO,LAMPA,PALCA,1,0,0,0,0
PUNO,LAMPA,PARATIA,2,0,0,0,0
PUNO,LAMPA,PUCARA,5,0,0,0,0
PUNO,LAMPA,SANTA LUCIA,3,0,0,0,0
PUNO,LAMPA,VILAVILA,2,0,0,0,0
PUNO,MELGAR,ANTAUTA,5,0,0,0,0
PUNO,MELGAR,AYAVIRI,8,1,1,0,0
PUNO,MELGAR,CUPI,2,0,0,0,0
PUNO,MELGAR,LLALLI,1,0,0,0,0
PUNO,MELGAR,MACARI,7,0,0,0,0
PUNO,MELGAR,NUÑOA,6,0,0,0,0
PUNO,MELGAR,ORURILLO,7,0,0,0,0
PUNO,MELGAR,SANTA ROSA,5,0,0,0,0
PUNO,MELGAR,UMACHIRI,3,0,0,0,0
PUNO,MOHO,CONIMA,2,0,0,0,0
PUNO,MOHO,HUAYRAPATA,2,0,0,0,0
PUNO,MOHO,MOHO,9,1,1,0,0
PUNO,MOHO,TILALI,2,0,0,0,0
PUNO,PUNO,AMANTANI,2,0,0,0,0
PUNO,PUNO,ATUNCOLLA,1,0,0,0,0
PUNO,PUNO,CAPACHICA,6,0,0,0,0
PUNO,PUNO,COATA,3,0,0,0,0
PUNO,PUNO,HUATA,1,0,0,0,0
PUNO,PUNO,MAÑAZO,5,0,0,0,0
PUNO,PUNO,PAUCARCOLLA,1,1,1,0,0
PUNO,PUNO,PLATERIA,7,0,0,0,0
PUNO,PUNO,SAN ANTONIO,1,0,0,0,0
PUNO,PUNO,TIQUILLACA,2,0,0,0,0
PUNO,PUNO,VILQUE,3,0,0,0,0
PUNO,SAN ANTONIO DE PUTINA,ANANEA,3,0,0,0,0
PUNO,SAN ANTONIO DE PUTINA,PEDRO VILCA APAZA,1,0,0,0,0
PUNO,SAN ANTONIO DE PUTINA,PUTINA,4,0,0,0,0
PUNO,SAN ANTONIO DE PUTINA,QUILCAPUNCU,2,0,0,0,0
PUNO,SAN ANTONIO DE PUTINA,SINA,1,0,0,0,0
PUNO,SAN ROMAN,CABANA,3,0,0,0,0
PUNO,SAN ROMAN,CABANILLAS,5,0,0,0,0
PUNO,SAN ROMAN,CARACOTO,3,0,0,0,0
PUNO,SAN ROMAN,SAN MIGUEL,9,0,0,0,0
PUNO,SANDIA,ALTO INAMBARI,6,0,0,0,0
PUNO,SANDIA,CUYOCUYO,4,0,0,0,0
PUNO,SANDIA,LIMBANI,2,0,0,0,0
PUNO,SANDIA,PATAMBUCO,4,0,0,0,0
PUNO,SANDIA,PHARA,3,0,0,0,0
PUNO,SANDIA,QUIACA,2,1,1,0,0
PUNO,SANDIA,SAN JUAN DEL ORO,3,0,0,0,0
PUNO,SANDIA,SAN PEDRO DE PUTINA PUNCO,6,0,0,0,0
PUNO,SANDIA,SANDIA,5,0,0,0,0
PUNO,SANDIA,YANAHUAYA,1,0,0,0,0
PUNO,YUNGUYO,ANAPIA,1,0,0,0,0
PUNO,YUNGUYO,COPANI,1,0,0,0,0
PUNO,YUNGUYO,CUTURAPI,1,0,0,0,0
PUNO,YUNGUYO,OLLARAYA,1,0,0,0,0
PUNO,YUNGUYO,TINICACHI,1,0,0,0,0
PUNO,YUNGUYO,UNICACHI,1,0,0,0,0
PUNO,YUNGUYO,YUNGUYO,10,1,1,0,0
SAN MARTIN,BELLAVISTA,ALTO BIAVO,6,0,0,0,0
SAN MARTIN,BELLAVISTA,BAJO BIAVO,10,0,0,0,0
SAN MARTIN,BELLAVISTA,BELLAVISTA,8,2,2,0,0
SAN MARTIN,BELLAVISTA,HUALLAGA,2,0,0,0,0
SAN MARTIN,BELLAVISTA,SAN PABLO,7,0,0,0,0
SAN MARTIN,BELLAVISTA,SAN RAFAEL,5,0,0,0,0
SAN MARTIN,EL DORADO,AGUA BLANCA,2,0,0,0,0
SAN MARTIN,EL DORADO,SAN JOSE DE SISA,6,0,0,0,0
SAN MARTIN,EL DORADO,SAN MARTIN,5,0,0,0,0
SAN MARTIN,EL DORADO,SANTA ROSA,6,0,0,0,0
SAN MARTIN,EL DORADO,SHATOJA,2,0,0,0,0
SAN MARTIN,HUALLAGA,ALTO SAPOSOA,3,0,0,0,0
SAN MARTIN,HUALLAGA,EL ESLABON,2,0,0,0,0
SAN MARTIN,HUALLAGA,PISCOYACU,2,0,0,0,0
SAN MARTIN,HUALLAGA,SACANCHE,2,0,0,0,0
SAN MARTIN,HUALLAGA,SAPOSOA,13,1,1,0,0
SAN MARTIN,HUALLAGA,TINGO DE SAPOSOA,1,0,0,0,0
SAN MARTIN,LAMAS,ALONSO DE ALVARADO,5,0,0,0,0
SAN MARTIN,LAMAS,BARRANQUITA,7,0,0,0,0
SAN MARTIN,LAMAS,CAYNARACHI,9,0,0,0,0
SAN MARTIN,LAMAS,CUÑUMBUQUI,6,0,0,0,0
SAN MARTIN,LAMAS,LAMAS,6,2,2,0,0
SAN MARTIN,LAMAS,PINTO RECODO,8,0,0,0,0
SAN MARTIN,LAMAS,RUMISAPA,5,0,0,0,0
SAN MARTIN,LAMAS,SAN ROQUE DE CUMBAZA,5,0,0,0,0
SAN MARTIN,LAMAS,SHANAO,1,0,0,0,0
SAN MARTIN,LAMAS,TABALOSOS,4,0,0,0,0
SAN MARTIN,LAMAS,ZAPATERO,11,0,0,0,0
SAN MARTIN,MARISCAL CACERES,CAMPANILLA,7,0,0,0,0
SAN MARTIN,MARISCAL CACERES,HUICUNGO,7,0,0,0,0
SAN MARTIN,MARISCAL CACERES,PACHIZA,6,0,0,0,0
SAN MARTIN,MARISCAL CACERES,PAJARILLO,5,0,0,0,0
SAN MARTIN,MOYOBAMBA,CALZADA,2,0,0,0,0
SAN MARTIN,MOYOBAMBA,HABANA,1,0,0,0,0
SAN MARTIN,MOYOBAMBA,JEPELACIO,10,0,0,0,0
SAN MARTIN,MOYOBAMBA,SORITOR,5,0,0,0,0
SAN MARTIN,MOYOBAMBA,YANTALO,2,0,0,0,0
SAN MARTIN,PICOTA,BUENOS AIRES,4,0,0,0,0
SAN MARTIN,PICOTA,CASPIZAPA,1,0,0,0,0
SAN MARTIN,PICOTA,PICOTA,5,2,2,0,0
SAN MARTIN,PICOTA,PILLUANA,2,0,0,0,0
SAN MARTIN,PICOTA,PUCACACA,2,0,0,0,0
SAN MARTIN,PICOTA,SAN CRISTOBAL,1,0,0,0,0
SAN MARTIN,PICOTA,SAN HILARION,3,0,0,0,0
SAN MARTIN,PICOTA,SHAMBOYACU,5,0,0,0,0
SAN MARTIN,PICOTA,TINGO DE PONASA,5,0,0,0,0
SAN MARTIN,PICOTA,TRES UNIDOS,1,0,0,0,0
SAN MARTIN,RIOJA,AWAJUN,4,0,0,0,0
SAN MARTIN,RIOJA,ELIAS SOPLIN VARGAS,6,0,0,0,0
SAN MARTIN,RIOJA,PARDO MIGUEL,8,0,0,0,0
SAN MARTIN,RIOJA,POSIC,1,0,0,0,0
SAN MARTIN,RIOJA,SAN FERNANDO,2,0,0,0,0
SAN MARTIN,RIOJA,YORONGOS,2,0,0,0,0
SAN MARTIN,RIOJA,YURACYACU,1,0,0,0,0
SAN MARTIN,SAN MARTIN,ALBERTO LEVEAU,2,0,0,0,0
SAN MARTIN,SAN MARTIN,CACATACHI,1,0,0,0,0
SAN MARTIN,SAN MARTIN,CHAZUTA,8,0,0,0,0
SAN MARTIN,SAN MARTIN,CHIPURANA,3,0,0,0,0
SAN MARTIN,SAN MARTIN,EL PORVENIR,2,0,0,0,0
SAN MARTIN,SAN MARTIN,HUIMBAYOC,9,0,0,0,0
SAN MARTIN,SAN MARTIN,JUAN GUERRA,2,0,0,0,0
SAN MARTIN,SAN MARTIN,MORALES,7,2,2,0,0
SAN MARTIN,SAN MARTIN,PAPAPLAYA,6,0,0,0,0
SAN MARTIN,SAN MARTIN,SAN ANTONIO,3,0,0,0,0
SAN MARTIN,SAN MARTIN,SAUCE,3,1,1,0,0
SAN MARTIN,SAN MARTIN,SHAPAJA,1,0,0,0,0
SAN MARTIN,TOCACHE,NUEVO PROGRESO,6,0,0,0,0
SAN MARTIN,TOCACHE,POLVORA,7,0,0,0,0
SAN MARTIN,TOCACHE,SHUNTE,1,0,0,0,0
SAN MARTIN,TOCACHE,TOCACHE,14,1,1,0,0
SAN MARTIN,TOCACHE,UCHIZA,14,1,1,0,0
TACNA,CANDARAVE,CAIRANI,2,0,0,0,0
TACNA,CANDARAVE,CAMILACA,1,0,0,0,0
TACNA,CANDARAVE,CANDARAVE,4,0,0,0,0
TACNA,CANDARAVE,CURIBAYA,1,0,0,0,0
TACNA,CANDARAVE,HUANUARA,1,0,0,0,0
TACNA,CANDARAVE,QUILAHUANI,2,0,0,0,0
TACNA,JORGE BASADRE,ITE,3,1,1,0,0
TACNA,JORGE BASADRE,LOCUMBA,4,0,0,0,0
TACNA,TACNA,CALANA,2,0,0,0,0
TACNA,TACNA,CIUDAD NUEVA,5,5,5,0,0
TACNA,TACNA,INCLAN,2,0,0,0,0
TACNA,TACNA,LA YARADA LOS PALOS,5,0,0,0,0
TACNA,TACNA,PACHIA,5,0,0,0,0
TACNA,TACNA,PALCA,8,0,0,0,0
TACNA,TACNA,POCOLLAY,4,0,0,0,0
TACNA,TACNA,SAMA,3,0,0,0,0
TACNA,TARATA,ESTIQUE,1,0,0,0,0
TACNA,TARATA,ESTIQUE PAMPA,1,0,0,0,0
TACNA,TARATA,HEROES ALBARRACIN,2,0,0,0,0
TACNA,TARATA,SITAJARA,1,0,0,0,0
TACNA,TARATA,SUSAPAYA,2,0,0,0,0
TACNA,TARATA,TARATA,5,0,0,0,0
TACNA,TARATA,TARUCACHI,1,0,0,0,0
TACNA,TARATA,TICACO,1,0,0,0,0
TUMBES,CONTRALMIRANTE VILLAR,CANOAS DE PUNTA SAL,3,0,0,0,0
TUMBES,CONTRALMIRANTE VILLAR,CASITAS,3,0,0,0,0
TUMBES,CONTRALMIRANTE VILLAR,ZORRITOS,7,0,0,0,0
TUMBES,TUMBES,CORRALES,6,0,0,0,0
TUMBES,TUMBES,PAMPAS DE HOSPITAL,4,0,0,0,0
TUMBES,TUMBES,SAN JACINTO,7,0,0,0,0
TUMBES,TUMBES,SAN JUAN DE LA VIRGEN,3,0,0,0,0
TUMBES,ZARUMILLA,AGUAS VERDES,4,0,0,0,0
TUMBES,ZARUMILLA,MATAPALO,1,0,0,0,0
TUMBES,ZARUMILLA,PAPAYAL,5,1,1,0,0
TUMBES,ZARUMILLA,ZARUMILLA,5,3,3,0,0
UCAYALI,ATALAYA,RAIMONDI,18,0,0,0,0
UCAYALI,ATALAYA,SEPAHUA,4,0,0,0,0
UCAYALI,ATALAYA,TAHUANIA,6,0,0,0,0
UCAYALI,ATALAYA,YURUA,3,0,0,0,0
UCAYALI,CORONEL PORTILLO,CAMPOVERDE,25,0,0,0,0
UCAYALI,CORONEL PORTILLO,MANANTAY,16,0,0,0,0
UCAYALI,CORONEL PORTILLO,NUEVA REQUENA,8,0,0,0,0
UCAYALI,PADRE ABAD,ALEXANDER VON HUMBOLDT,2,0,0,0,0
UCAYALI,PADRE ABAD,CURIMANA,7,0,0,0,0
UCAYALI,PADRE ABAD,IRAZOLA,10,0,0,0,0
UCAYALI,PADRE ABAD,NESHUYA,10,0,0,0,0
UCAYALI,PURUS,PURUS,8,1,1,0,0
